family,label,y,h,n,start,end,r2,nw_lags,b_ch_financial_z,t_ch_financial_z,p_ch_financial_z,b_ch_real_z,t_ch_real_z,p_ch_real_z,b_lrv_1,t_lrv_1,p_lrv_1,b_lrv_3,t_lrv_3,p_lrv_3,b_lrv_12,t_lrv_12,p_lrv_12,b_liv,t_liv,p_liv
quantity,1926-1985 (before VIX; text model never saw it),y_lrv_1,1,703,1927-06,1985-12,0.6068986828714633,6,0.04365652296668359,3.050294970370682,0.0022861671389059527,-0.02854445934418761,-2.7784989660220147,0.005461068709152258,0.4763592225832307,7.175811584334843,7.187949107579228e-13,0.04575376475235529,0.5248585840179911,0.5996815022438008,0.26888360363528196,4.423036691189007,9.73232054355621e-06,,,
quantity,1926-1985 (before VIX; text model never saw it),y_lrv_3,3,703,1927-06,1985-12,0.5929070229981208,6,0.06658827908903316,3.3996929278359,0.0006746156869388926,-0.038828676194980635,-2.979593139613307,0.0028863146781241333,0.32259848583148953,5.522573496468981,3.3406998200448714e-08,0.041150467288108124,0.40180940944593935,0.687824296729842,0.3294209868395915,3.9093957115875213,9.252728965590646e-05,,,
quantity,1926-1985 (before VIX; text model never saw it),y_lrv_6,6,703,1927-06,1985-12,0.60846954034,12,0.09883023360213959,4.512598122791478,6.403829193684331e-06,-0.04545886897090765,-2.762589465298758,0.005734484359470469,0.20758989921645257,5.226000721540204,1.7321568284080891e-07,0.11185884309149537,1.4144398354849663,0.15723280078736526,0.27831409142629676,3.2245383229089057,0.0012617596754591163,,,
quantity,1926-1985 (before VIX; text model never saw it),y_lrv_12,12,703,1927-06,1985-12,0.6248613418139062,24,0.1410662441435376,6.3148073339730555,2.704982557855076e-10,-0.044231003635244716,-2.2248021697596743,0.026094521685101405,0.15686870016318097,4.07970226343766,4.509341943209016e-05,0.11580096446414077,1.7727180543806806,0.07627543789662228,0.19471028303778617,2.6166389818160667,0.008880020559175514,,,
quantity,"1986-1995 + 2010-2016 (clean, adds implied vol)",y_lrv_1,1,193,1986-01,2016-02,0.37902138908894056,6,0.14275169579315364,3.5893282901636145,0.0003315311207283006,0.008385503529813215,0.23238517228810082,0.8162388645321966,-0.034897786370057915,-0.30250682636056264,0.7622657303973988,0.17619370928597047,1.2176206424764724,0.22336816633266976,0.04345810942152602,0.545458667735352,0.5854381001022557,0.41966588000230043,3.2016406733812186,0.0013664733593676912
quantity,"1986-1995 + 2010-2016 (clean, adds implied vol)",y_lrv_3,3,191,1986-01,2015-12,0.35456430328937405,6,0.11842434647748577,2.155282980949416,0.031139696767040044,-0.06559300888672495,-1.4955005115171778,0.13478386651134291,0.05572956238991582,0.8665855402125662,0.3861691390606853,0.066892254276257,0.39698824144389994,0.6913761316371805,0.09082875132240656,0.8079012803379272,0.41914741420570434,0.30698724384235865,1.8216723792221807,0.06850471134951629
quantity,"1986-1995 + 2010-2016 (clean, adds implied vol)",y_lrv_6,6,188,1986-01,2015-09,0.32697546565587476,12,0.08770103624857871,1.1734866056525222,0.2406007250999509,-0.10393188537683237,-1.858818332291579,0.06305289306069459,-0.004913212702820358,-0.06600690945245051,0.9473723245061035,0.051137591108007224,0.3227599972009326,0.746877010488529,0.08396498626996572,0.4739512964374997,0.6355346382845193,0.38050802076393087,1.6693373011501522,0.09505055176769397
quantity,"1986-1995 + 2010-2016 (clean, adds implied vol)",y_lrv_12,12,182,1986-01,2015-03,0.27134595282238694,24,0.05362578134792057,0.632399607967502,0.5271257900547546,-0.0900208120286643,-1.828054808632172,0.06754132635050654,-0.05577064469724956,-0.998715483840979,0.3179325377213966,0.09614118712697395,0.6718252901418481,0.5016949265268641,0.018404833711622562,0.0795132309724785,0.9366244081394122,0.42636662973819617,1.8538553810112057,0.0637598528250752
quantity,1996-2009 (text model trained here),y_lrv_1,1,168,1996-01,2009-12,0.6816303249561058,6,0.12181264078521822,2.6465385010837372,0.008132024755888539,-0.20782226328551756,-2.8737400890369695,0.004056426333880366,0.07986775023512616,0.9280141542623255,0.35340022751194455,0.027245355616836275,0.24482401015287136,0.8065927021487567,-0.000981523425334807,-0.012098920095318823,0.9903466939688439,0.802558154685614,7.442015873794094,9.916030365656692e-14
quantity,1996-2009 (text model trained here),y_lrv_3,3,168,1996-01,2009-12,0.614636732828195,6,0.1316093746174501,2.6686633210530815,0.007615374410440094,-0.2415851293386853,-2.7208400480464947,0.0065116260795847515,0.01894521078731448,0.21867944954377574,0.826899758435713,0.025471761861908082,0.17863408821282867,0.8582250264580972,0.05950317335811833,0.4822460971772473,0.6296311337970142,0.6903980286010839,6.048169166711558,1.4650108637232336e-09
quantity,1996-2009 (text model trained here),y_lrv_6,6,168,1996-01,2009-12,0.5575996162445449,12,0.1711602785779736,3.157032676429046,0.0015938348466199345,-0.2862036332091514,-2.8542123613633854,0.00431436809744606,-0.16570775387076697,-1.6087491358791648,0.10767120694239653,0.14443383058234877,0.8077383392545953,0.4192412279063755,0.02758459794531784,0.1649651163700293,0.8689714389337921,0.6613458520567673,4.803324434382432,1.5605272235151575e-06
quantity,1996-2009 (text model trained here),y_lrv_12,12,168,1996-01,2009-12,0.5148022690425715,24,0.21443848048312317,2.917017800513317,0.003533956040242513,-0.3492716840570429,-2.4906595890593892,0.01275062186360288,-0.2701158096144274,-1.9722790755116453,0.048577756948729324,0.15623938943224236,0.9444458472045717,0.34494186230054524,-0.03507194503196211,-0.2169673093927772,0.828233821414623,0.6797142739392275,4.640313990123567,3.478801892692223e-06
