end,b_fin,se_fin,b_real,se_real
1942-05,-9.302624117171407e-05,0.03475731589879741,-0.06790123900870768,0.029578489294681043
1942-06,0.001218104943742429,0.034928660791741624,-0.06638143728602333,0.030092178258797092
1942-07,-0.0007863767107564382,0.03540422153361826,-0.0778118652688627,0.028816721070043887
1942-08,-0.002362986319008255,0.035399139272457865,-0.08501360671942833,0.0284198091014157
1942-09,0.0022873668841030745,0.036563773614308695,-0.07322889651933193,0.02665510642500616
1942-10,0.0009767965590343347,0.036934453517089946,-0.07961254158779829,0.02670117141245286
1942-11,-0.0004739971400178969,0.03705570098823443,-0.08458785015263784,0.026933742460436363
1942-12,-0.0004995866355006345,0.03741063560350781,-0.08528695017522739,0.02736968628446498
1943-01,-0.0019756948511012243,0.03773079780296506,-0.08751339319415154,0.02853572181112902
1943-02,-0.003471198792377221,0.037708544484916395,-0.08873939817662456,0.029425632057504526
1943-03,-0.0021285210113375225,0.037654804749539576,-0.08182293032909344,0.03050780431141323
1943-04,-0.000684991635763875,0.038073208147437435,-0.08172634807220319,0.031796297483633565
1943-05,0.0009047696322996776,0.03892176666203481,-0.0775031858425082,0.03357991308630582
1943-06,0.003226600364087222,0.03892396208108635,-0.0715753547764963,0.03561780604589674
1943-07,0.003333578486854276,0.03902511079340118,-0.07603464007697036,0.03586725648324528
1943-08,0.0021525779964726224,0.03924574084483211,-0.08476981674548636,0.0361104722267816
1943-09,0.00020392291765128356,0.03945563497182784,-0.09043214050752824,0.037083980753875215
1943-10,0.0022386328327851854,0.0397910455601274,-0.0789004294719198,0.039305756349800686
1943-11,-0.0019494188285027747,0.03973796031945227,-0.08211314820708442,0.03916383068711948
1943-12,0.0029575037783000913,0.04005457551448574,-0.08783814981561142,0.03994228969224234
1944-01,-0.002028142999821285,0.03977429187721838,-0.09262959258232042,0.03933776004203179
1944-02,-0.005496473987298078,0.041135291010094645,-0.09323192675626925,0.038807750037022234
1944-03,-0.001431118878868709,0.04146857443746126,-0.09408544389189395,0.0396082813456499
1944-04,-0.007533150320426327,0.04141914861973478,-0.10170835496200743,0.04011617698638533
1944-05,0.004311071464890605,0.0457745713645598,-0.09686250839333699,0.04102953203977132
1944-06,0.012897037446428838,0.04979719608188047,-0.09309512705103945,0.04201302145384123
1944-07,0.007342337358648587,0.04884960662227242,-0.09568680562643332,0.041870472971056956
1944-08,0.010295263158582146,0.0496821796756782,-0.09213954244318323,0.042975444466709124
1944-09,-0.023856788214306278,0.04497721366200877,-0.0949383550341126,0.040169784989643784
1944-10,-0.046391445941174655,0.05445174299322432,-0.10673968662105064,0.043157452531781194
1944-11,-0.03157639229331501,0.05547108761007727,-0.09697469616047723,0.044854806280509835
1944-12,0.005194477608781015,0.041182748215631955,-0.07582567873883832,0.04077705278080286
1945-01,0.01681407963611186,0.04016575623508319,-0.07040468572345483,0.041330791801586296
1945-02,0.04844999250940514,0.03747849478765014,-0.04796165819253034,0.041747965383454114
1945-03,0.05330614319224278,0.038326886623224456,-0.04436224794675042,0.04272403455365754
1945-04,0.051723670866320855,0.03787266627891971,-0.045493064274031075,0.042649249054832764
1945-05,0.03903559705809767,0.03866262998837115,-0.053514032847408737,0.04326561481672781
1945-06,0.040641324862511444,0.03856002257778752,-0.04897467605981404,0.04396149842115831
1945-07,0.042473922208683915,0.037964032872324235,-0.04790436737544726,0.04356984067246591
1945-08,0.048185509037184555,0.037974907197561865,-0.04469002389583708,0.04407187716561677
1945-09,0.04666323380306283,0.03783366241491311,-0.044788859069755674,0.043479892604641
1945-10,0.04581837684796451,0.03756665655284466,-0.04678500601103254,0.042483943698567665
1945-11,0.04145898007048955,0.03772087676163273,-0.050626807533207446,0.041104747130853325
1945-12,0.045288501796757454,0.037460050843688066,-0.05111749107487667,0.040698333180624276
1946-01,0.04444507746554998,0.038483220227948256,-0.060142975088962464,0.04278153509664546
1946-02,0.057862339308396085,0.042321769196669454,-0.04979958322121261,0.042555722335038355
1946-03,0.0593715416723504,0.04132507238073938,-0.044658965671649814,0.04111486405752544
1946-04,0.06094061543771959,0.04124066358576646,-0.042558355042659556,0.040280400372349354
1946-05,0.049928896443041486,0.03892977574912107,-0.04720549219404179,0.03911807056076263
1946-06,0.05145778874472502,0.039417112909551785,-0.048482835916750226,0.03801041506953876
1946-07,0.04972822794990052,0.03933723959112465,-0.05196639935845508,0.036986854639963755
1946-08,0.014693547188782685,0.03922192961590725,-0.07616516062798638,0.04006090518023896
1946-09,0.008319450328408348,0.03854415272272996,-0.07763604072970451,0.03985795604392307
1946-10,0.012214117863282192,0.0365537191485971,-0.07540056357666165,0.038817050700963036
1946-11,0.015853567012565725,0.03489680558311748,-0.07206503566242192,0.03786625367473893
1946-12,0.018977879670422526,0.03439516582941262,-0.06941940550897922,0.03751688327717004
1947-01,0.023465968665636938,0.033774169593362255,-0.06663877473254681,0.03744724452474598
1947-02,0.024055414907363667,0.03346090813135475,-0.06604090227955438,0.03740237734025519
1947-03,0.02295167984354546,0.03267460687911396,-0.06686329857054865,0.03690431234789266
1947-04,0.02062320371264273,0.031078053828567914,-0.06918433099637415,0.0359089590388605
1947-05,0.018340390139438847,0.03004012547303489,-0.07202249706860243,0.03517869976111602
1947-06,0.017462283353365388,0.029154393105581867,-0.07308387916212628,0.03492170044852108
1947-07,0.022351359690546177,0.029115557794942844,-0.07332928863856364,0.03488506058349613
1947-08,0.02009332699470437,0.028668684279624237,-0.07651227252062465,0.03468760817987016
1947-09,0.025452728905722588,0.02918733649714526,-0.07291221491352877,0.03500479667348009
1947-10,0.03822006392776983,0.03224553099957464,-0.0622155585386748,0.03712392753461908
1947-11,0.03812495782087848,0.03165352007115635,-0.06087137883026608,0.03680414275792771
1947-12,0.03984614512495745,0.03175771684913873,-0.057521639052903833,0.037817342086141716
1948-01,0.032935881065574865,0.03040442837209691,-0.06601686744014966,0.035327067530608894
1948-02,0.03180374848014729,0.02958288478163187,-0.07381660084314341,0.03300499398937439
1948-03,0.03939574628289941,0.031132089168290297,-0.0673654119127006,0.03403537572930407
1948-04,0.03839865262119878,0.030703758933541794,-0.06831528171362493,0.033756299998232604
1948-05,0.04114958343743798,0.030603012336500587,-0.0671602940936541,0.0329149146522963
1948-06,0.03871304073365622,0.030156245284193223,-0.07860920696771694,0.031088809445373955
1948-07,0.04161982820213968,0.030056398384084512,-0.07253001191025352,0.03085291183083301
1948-08,0.0363265210959878,0.03008042490713007,-0.08060049667198253,0.029806019057144573
1948-09,0.04046776197326378,0.03003766036101009,-0.07900199692936083,0.029250485731310557
1948-10,0.03536566233144395,0.03074625644455202,-0.0909761480732891,0.0301417787575203
1948-11,0.04775662143823886,0.03146761314615473,-0.08045842755615538,0.028988162461064764
1948-12,0.04715738160284971,0.03161034508981891,-0.080692570838861,0.029390929694960988
1949-01,0.0473836773205472,0.03153849911006485,-0.08106672150406856,0.029488113996889404
1949-02,0.049954574689608414,0.03146868275497857,-0.0780637692381182,0.029518342553251756
1949-03,0.058638770624968646,0.0322624935694582,-0.0658878577148048,0.031538512827095584
1949-04,0.055124660038179826,0.03188090886166431,-0.06864319172303973,0.031133006433821636
1949-05,0.05200383405298854,0.03179634440949964,-0.07237144423144865,0.030670568012830808
1949-06,0.055304483332530414,0.03177251361412348,-0.0713317732833867,0.030712362084431104
1949-07,0.055555076606397455,0.03160396765840313,-0.070281882165532,0.030436659239653323
1949-08,0.05457523558310222,0.03176171176952705,-0.07166736866363631,0.030103538642026615
1949-09,0.05862157500444769,0.031672140939624484,-0.0654927234114719,0.030240420483871037
1949-10,0.06301592260065336,0.03161170219561098,-0.06214368714090527,0.030082147259294298
1949-11,0.06524357459904423,0.031774787453426205,-0.057348246954859294,0.030681807664406494
1949-12,0.0650445813048845,0.03167703226959399,-0.05799604443162307,0.02972793002003671
1950-01,0.06648101751421523,0.031516316155781834,-0.05127308738511463,0.030792837483643223
1950-02,0.06690788377363646,0.031442691298090734,-0.04949495744145442,0.03024505778727086
1950-03,0.06785621658908511,0.03142457963040082,-0.048533337530606166,0.029607382966906848
1950-04,0.06977869774126153,0.031159378607191347,-0.043618763787212946,0.029825848661037286
1950-05,0.06358267711491947,0.03257682918715788,-0.05950853218946153,0.02936950813916876
1950-06,0.06167319663430136,0.032731407248787786,-0.06362290067967674,0.02948145962675044
1950-07,0.06416250131371318,0.03271558187666279,-0.06269573304796036,0.02945432109194206
1950-08,0.06479361591590249,0.03289704093256258,-0.06314599480572684,0.02943744544552345
1950-09,0.06427658702449451,0.03270955577593189,-0.06254508465624312,0.02929073154799127
1950-10,0.06285168852575135,0.03286730901739029,-0.06313672928392815,0.02970380051120904
1950-11,0.06097463389106027,0.03290315399164931,-0.06520850791849461,0.029748924202521752
1950-12,0.06436772316317826,0.033329873366584384,-0.06627239282619468,0.02964585739731197
1951-01,0.06964516006393846,0.03421545057912471,-0.0628716803957437,0.029435293223341912
1951-02,0.06697536244461699,0.0339342115865554,-0.061744084415151605,0.02939316316326782
1951-03,0.06386260365609887,0.03509800990249768,-0.060794087664350606,0.029027406251350654
1951-04,0.06490483324897843,0.035174039648627205,-0.06023680307010112,0.028842625933585057
1951-05,0.06838984006053303,0.03473409439691826,-0.06179016350919083,0.028529881891314245
1951-06,0.07152861181885084,0.03464622019084752,-0.06298780130042445,0.02806344947820945
1951-07,0.07529478281545457,0.034852503197556894,-0.059005054672199284,0.028159416547921465
1951-08,0.08309304428982889,0.03440068847145494,-0.056195441465194056,0.028506322819711303
1951-09,0.0797344096878558,0.03435637760377299,-0.06039818222302422,0.027542346075723437
1951-10,0.07884683531114632,0.03499790117493179,-0.05850268282294317,0.02754461852476206
1951-11,0.08492089957954535,0.03427575550693173,-0.055096047656676854,0.027818663230323747
1951-12,0.09129528354676822,0.0341366998642736,-0.05330445666108044,0.02810345841710847
1952-01,0.09840024327877817,0.035085985831758745,-0.055794338383604244,0.027410195813460124
1952-02,0.10099295996590234,0.036538096404742364,-0.05152057661883952,0.02748336967771611
1952-03,0.095019286519925,0.037412262798715026,-0.0498079491633653,0.027245369306355502
1952-04,0.09783286941145668,0.03930610037231107,-0.04758789508989511,0.02742033315600654
1952-05,0.10160069413903804,0.04126343866428645,-0.04345959993515329,0.02845071716582853
1952-06,0.10454352932069544,0.04419836817308357,-0.03977639125118096,0.029648949312029143
1952-07,0.11012866581678214,0.04886573676599661,-0.039122063888201095,0.031076880753366617
1952-08,0.09452441625209546,0.039884999228695345,-0.03178240953167201,0.02882395022069661
1952-09,0.07277036825284934,0.032443985655812135,-0.029514480633408766,0.027983667358462277
1952-10,0.061842409161162626,0.0308926204321905,-0.027038797746724255,0.02752094992844985
1952-11,0.05752969086968217,0.030479656320171192,-0.01857674462033399,0.02807005507650147
1952-12,0.05514991004393348,0.029803619966823035,-0.016308058144284453,0.02792525125693345
1953-01,0.053848443091164266,0.029385474237579534,-0.014239687201161437,0.027677237949211307
1953-02,0.0494292188369849,0.027827924645983704,-0.015459648746997175,0.027476421727472215
1953-03,0.043592458952880664,0.026353361480009902,-0.01825083328962168,0.02730084093418054
1953-04,0.04142839716121227,0.026179436289232597,-0.016247042640757485,0.026794595772470852
1953-05,0.042875318582557324,0.024938187234902157,-0.017127956812366382,0.02679447198864505
1953-06,0.04156541153877663,0.02476774613996699,-0.015249133104129935,0.02640379008174995
1953-07,0.04096560998220973,0.0248750554335343,-0.015584117463268923,0.026178927989376367
1953-08,0.0384655035802379,0.023644657383094188,-0.01633574220040892,0.026182238849728326
1953-09,0.035978134981604196,0.02292976859731048,-0.014682763865185335,0.025546340696968085
1953-10,0.03740648969760811,0.022900879238623197,-0.013596915209714854,0.025372823098660718
1953-11,0.03761963987557649,0.023174895930038693,-0.013929409193850968,0.02501121462434623
1953-12,0.036248398491056585,0.0220661449104468,-0.012941797723370223,0.024821919742634355
1954-01,0.035955498759432124,0.02187314101005491,-0.012256318421185932,0.02459639887216604
1954-02,0.03480113232174552,0.020914136242720843,-0.009606925987409075,0.024400542345690834
1954-03,0.036448591315544156,0.021094569406814527,-0.009018491211454724,0.024623253067522666
1954-04,0.03656728684934118,0.021052952006960605,-0.008021587076417555,0.024402477274679084
1954-05,0.035434626245653716,0.02099530147871579,-0.009494140079677284,0.0243430403170917
1954-06,0.03588868137403147,0.02085066843788996,-0.008399572344264958,0.02421631097670008
1954-07,0.03236245783690031,0.019132918972346286,-0.008380269180192853,0.02414187465657531
1954-08,0.0231438580590584,0.017521432192784694,-0.007981118646428453,0.02446953208613328
1954-09,0.02569554433130712,0.01734192024672285,-0.005015150206277914,0.023979964273131794
1954-10,0.023140033723906453,0.017689347103034925,-0.008397705825492326,0.023710503690642776
1954-11,0.024739830205397204,0.01796385654850061,-0.008984213499730002,0.023330805792098452
1954-12,0.022429625721941612,0.01793389632422577,-0.01185569104016519,0.023471509434394473
1955-01,0.026715327838212226,0.019497862594885167,-0.01232614913211594,0.02366234197721925
1955-02,0.031373422052557456,0.021456182139287683,-0.014718193542399251,0.024090183272392273
1955-03,0.027286501533595638,0.021510274318532474,-0.01446390477001226,0.024620018522479203
1955-04,0.021333279034621816,0.017038635452733052,-0.009400577632540928,0.022394537491844786
1955-05,0.015097755867935707,0.01735204805031299,-0.007279468241882147,0.023010995031036124
1955-06,0.017605239939784058,0.017425883116443833,-0.006999406449347522,0.022395393679257625
1955-07,0.01742777623665835,0.017280174256575995,-0.006938389168952563,0.0223110907609964
1955-08,0.015486522799414142,0.01763712878056732,-0.010902651831200535,0.022682761527863585
1955-09,0.016216779676708717,0.017677878517309075,-0.011237699338327257,0.022568323851818
1955-10,0.019113222323534983,0.01633341099715132,-0.01029643888235542,0.022276138908180317
1955-11,0.025459402530030113,0.016105511308412375,-0.01414621152614937,0.02189759699482398
1955-12,0.02499617687291837,0.016402946713793224,-0.014681276152509777,0.02201250647844201
1956-01,0.01849013002172092,0.019164691177905892,-0.014183477264079092,0.022017048433432468
1956-02,0.02526642742862327,0.017971219790855843,-0.014148694036816905,0.02199641960713737
1956-03,0.02527590329724523,0.01882219766673058,-0.014178441589828443,0.021932229856639472
1956-04,0.024915871358504406,0.019142878519295758,-0.015149837653156552,0.022164434463886176
1956-05,0.03009658678512362,0.018591758209414406,-0.015471138174135054,0.022136843164165615
1956-06,0.0377198321890253,0.019251500933640392,-0.014519803943684607,0.02208080330794215
1956-07,0.03881676943856666,0.01922405498924236,-0.01486007340844417,0.022370319493944097
1956-08,0.039344925902882355,0.019023634787352944,-0.015221099934957544,0.022448447597904504
1956-09,0.03775502849098122,0.019065097913624214,-0.01584179900514275,0.022498605779721084
1956-10,0.043061213427520575,0.02237366915393106,-0.01714636724419073,0.02269191503986313
1956-11,0.03444941602260275,0.020456132130889683,-0.01410787655927636,0.022571517224651002
1956-12,0.03419012373611961,0.020394152251936512,-0.013509369227713003,0.022704513416226608
1957-01,0.03441711537653136,0.02042292973643618,-0.013767612141640562,0.022737365237037403
1957-02,0.038451064078040484,0.02080250363352617,-0.015398221579717448,0.02288620768261202
1957-03,0.04012864206336593,0.020642545980964867,-0.016647999549625425,0.022897756156256357
1957-04,0.04174230298686951,0.02056508675293422,-0.015775893535213352,0.022896851808753695
1957-05,0.04169180616493883,0.020539740441980484,-0.014990646735634487,0.023197973461610472
1957-06,0.04251373201071704,0.020516240648041712,-0.01591563656911324,0.023543556870823455
1957-07,0.04195777644717036,0.020529682288164864,-0.012343833736278457,0.023043816768889423
1957-08,0.04276312329563241,0.020240230899775925,-0.009092443213673883,0.023377534435237414
1957-09,0.03788488412742445,0.021375977727670057,-0.014944927052167677,0.02322902761310305
1957-10,0.04279163624848079,0.020212175955298617,-0.015254579097494288,0.02375426989010725
1957-11,0.04409024954511353,0.019953208481479256,-0.013444581281923206,0.024349549350215872
1957-12,0.04541210990630672,0.019885781276903148,-0.012406049487101195,0.02469690584270902
1958-01,0.04555924907014157,0.019922078957940775,-0.012370269389164228,0.02455915297887402
1958-02,0.047211171620656744,0.020001050444622744,-0.012519241394061853,0.024162725937678823
1958-03,0.04557735747889379,0.019949947392522885,-0.016292072131733087,0.02327693090531235
1958-04,0.048461040318960466,0.020197010972835938,-0.016851444613426487,0.023051923760574588
1958-05,0.050541709651192424,0.020306630882973593,-0.016469770800183522,0.02310208932508835
1958-06,0.052135563213323154,0.020121908994716095,-0.022338130659171382,0.021964280095022066
1958-07,0.05201799786901029,0.02011482660613377,-0.02304661775916963,0.021944904465845502
1958-08,0.05141860403420336,0.020127155610004402,-0.019131497241392487,0.02181870907907912
1958-09,0.05127470509607153,0.020152525031001327,-0.01795086008611955,0.022170191575665354
1958-10,0.05375715166183852,0.020199835173831903,-0.027860475912447266,0.023458511141439146
1958-11,0.0534904208749129,0.020134863044053417,-0.024756036519028572,0.0231444687558216
1958-12,0.05275001201063347,0.020226086064770117,-0.021123332403487953,0.022306176400891404
1959-01,0.05357345419164271,0.02021785285375386,-0.015340421163738538,0.020535602111268866
1959-02,0.055337073897446507,0.020110503137514325,-0.013175363263230266,0.020618617520918526
1959-03,0.054556612930051054,0.020046144740953512,-0.012351494759211153,0.02099986327899087
1959-04,0.05598161974064829,0.019697483809634396,-0.0016713030425512705,0.01873564690382753
1959-05,0.056440816569670746,0.019763377374600793,-0.0031327732741191407,0.019174208560251437
1959-06,0.05630205684349303,0.019740931338326714,-0.002922224268505736,0.02041654666136893
1959-07,0.05502384165976544,0.01986823020042408,0.0008044267005454242,0.019168746047367517
1959-08,0.05907185881384551,0.019525125094974546,-0.00549113582380896,0.020983869069694034
1959-09,0.06057717971979204,0.019611445340169537,0.0007411066276799948,0.019092830038698595
1959-10,0.06291935347982477,0.019732479695055396,0.007942210868948175,0.01749286653469198
1959-11,0.06592256736204319,0.020115411116389002,0.008235701725175536,0.01798939080349213
1959-12,0.06704972774487017,0.02048122228980048,0.007951625723922447,0.018813604195847426
1960-01,0.06741413252449667,0.02052707165538579,0.010197166200899329,0.019243013764261917
1960-02,0.06337486390299789,0.02010705191769108,0.001768855858974204,0.019896770828815167
1960-03,0.0634977914383834,0.02011022431518819,0.0016131572845364678,0.020975738633846944
1960-04,0.06387850413288206,0.020074062996942015,0.00795331549677884,0.021695515153000045
1960-05,0.06195214426023104,0.020132960714497793,0.012630767012813002,0.023479329024986124
1960-06,0.06019593357105801,0.020360816041787744,-0.0009582826877123571,0.02058863053155654
1960-07,0.06178432316344119,0.020162254955989577,-0.009408064316288212,0.01940401459832371
1960-08,0.06330810782813952,0.02009174713572127,-0.011210828222478653,0.021441276337116396
1960-09,0.06258421818835444,0.020261817709933024,-0.008831765656777513,0.022028042120945536
1960-10,0.06124093180723888,0.020173131857554368,-0.008824102492295205,0.021778823193174052
1960-11,0.06334504827174965,0.01969825925770583,-0.009451246029714935,0.02168020505801072
1960-12,0.06026937166855409,0.019521800125189608,-0.012141062780313766,0.021340656961043362
1961-01,0.05429963486641204,0.019553055107188397,-0.014227337085296249,0.021329780123016454
1961-02,0.054144693482071474,0.020143847551466938,-0.011525656206977902,0.02111743118447775
1961-03,0.05598500990387004,0.020447974971501696,-0.011355936536449507,0.021258597450436977
1961-04,0.05667761150574756,0.02056384530169993,-0.011567600797664654,0.02137946266306121
1961-05,0.05471402384541656,0.02023507651537236,-0.012168600037848976,0.021177494701322457
1961-06,0.05345108595606477,0.019913379820974537,-0.01209385819820974,0.021184768506653143
1961-07,0.0511977062552747,0.019478288108121113,-0.013006976333402448,0.021197811419851918
1961-08,0.041587299915015585,0.017530882466728934,-0.01148525938310517,0.021217838163376777
1961-09,0.034354420510264626,0.018333309168134394,-0.013390689446778584,0.021592494403949506
1961-10,0.03670512029766408,0.018145858792226598,-0.011517281177097646,0.02155084955570714
1961-11,0.03530275264403535,0.018619397722628717,-0.009946795032322348,0.02171526029954079
1961-12,0.03634279440642313,0.018518659365476905,-0.011448136538711032,0.022012959210027147
1962-01,0.037532649742625476,0.01831265874418011,-0.009099328412323346,0.021875586009417185
1962-02,0.03442626743223867,0.018324393457450218,-0.007531498008257448,0.0218920833535506
1962-03,0.03486648275609536,0.01840305498283316,-0.009063131563461752,0.021933996541754434
1962-04,0.042519458743122567,0.020361470382689203,-0.0031737063023307144,0.02256364910709701
1962-05,0.06022791148005412,0.023113512698985855,-0.003653879347090397,0.022232473466251155
1962-06,0.05906419859100792,0.020000010078850924,-0.001596909297010951,0.022686594070291825
1962-07,0.0577179574496562,0.02027694702341422,0.0013830252838228224,0.022820286991803728
1962-08,0.0580812588109219,0.020320354999602837,-0.00010957063476224604,0.022246964706069475
1962-09,0.05658276239758833,0.019928588364786354,-0.005196330498795414,0.022044259292496326
1962-10,0.05418115523913103,0.019773042036763767,-0.005815996822018048,0.021870818338095784
1962-11,0.053410077884891036,0.02008481099664075,-0.00559360854660966,0.02199451467077615
1962-12,0.04961186232993829,0.021748570860589206,-0.005773236461038174,0.022071991095967372
1963-01,0.04475649816181572,0.02255135754444674,-0.012990155676780302,0.02259235174981331
1963-02,0.04033858686911933,0.023159385402843496,-0.020293017284282608,0.023501506923088795
1963-03,0.03910810173226985,0.022658933924363862,-0.015798991064997554,0.022737359105343902
1963-04,0.03562973377570074,0.022828859921177325,-0.01425999955954281,0.02225384517333966
1963-05,0.03545767601619967,0.02254632704067475,-0.013208595887606048,0.02220999746808561
1963-06,0.03650955934040326,0.022056427239671304,-0.01698440309377311,0.022091646290178363
1963-07,0.03620815050128676,0.021848520123863867,-0.01689349661645223,0.02193580104787211
1963-08,0.03869112444658086,0.022134219989934027,-0.015873932730250034,0.021908811300648038
1963-09,0.037033080403972136,0.021778471056965447,-0.015367017362724042,0.02181786275133784
1963-10,0.02963719418983493,0.023010356110324905,-0.010200787747544612,0.022183532123259086
1963-11,0.02093841285199015,0.025853827659893178,-0.01210310654053888,0.021984836494526906
1963-12,0.022046295570965893,0.025119516570265978,-0.016292297371254108,0.02198010516946547
1964-01,0.015878997439995005,0.027732352185073608,-0.02058192542400855,0.022085514229499482
1964-02,0.013682287883755334,0.027728486598450727,-0.024221386454298527,0.022471543218521135
1964-03,0.013522960018804903,0.02770623693917498,-0.024416184077552527,0.022339455239718413
1964-04,0.01199491047821609,0.02763933609846392,-0.026044600054905588,0.022417800883197884
1964-05,0.010915976825895554,0.027633671028667716,-0.025971945793372864,0.022299032400975607
1964-06,0.009587279417705923,0.027683070936256503,-0.02191890950359566,0.022019591594776698
1964-07,0.00936128808658631,0.027735691421798204,-0.02226789268899329,0.02205459988811726
1964-08,0.011838680717930178,0.027366124941453043,-0.021609590350829613,0.022030448501742333
1964-09,0.01128496725790918,0.02683385425061075,-0.02082684071711724,0.02193517088161723
1964-10,0.011352156752862573,0.02673704028653675,-0.020864557012252816,0.021912166912611455
1964-11,0.011331122245467048,0.026553678963307983,-0.020308901539194166,0.02190451919003661
1964-12,0.010967619787998255,0.02649002604122839,-0.023637323754895335,0.02162396935666391
1965-01,0.01357353989577647,0.026228198526415607,-0.02141948722201882,0.021439255799724513
1965-02,0.015317092896133526,0.02621850035837899,-0.0267972284936318,0.021803702757742526
1965-03,0.015597650636674676,0.02602153698035593,-0.026268570758860507,0.02160879096613624
1965-04,0.016842465910759684,0.025852633606252617,-0.026162141196181342,0.0216511671402372
1965-05,0.020662306743712736,0.025485018097319196,-0.026310545038572636,0.021728583702413796
1965-06,0.015282494392474161,0.025413764747610014,-0.02779662951178534,0.02210602988464797
1965-07,0.019483889801029736,0.025115390807963926,-0.02056233140970741,0.023664266830146635
1965-08,0.020170765486867245,0.025036729854143295,-0.023550160603600562,0.02269658121288876
1965-09,0.022531335551202326,0.024921636664950873,-0.025118715585469655,0.022287028736298856
1965-10,0.02057163368687287,0.024899576177499883,-0.0316811997084132,0.020529095295462815
1965-11,0.02230693965342353,0.024877656833537126,-0.0360056544206241,0.019867222037095206
1965-12,0.024472622508408717,0.024810612416397523,-0.039861439892402276,0.020310165969408277
1966-01,0.023810425833884513,0.024819469552928485,-0.04131477573174622,0.020434814938729146
1966-02,0.02481212188708604,0.024657917449197753,-0.04044313038159361,0.020221044731146654
1966-03,0.024684175543877435,0.024804701222146598,-0.04186669712618691,0.020321566635382544
1966-04,0.021039388362681946,0.02524549138773209,-0.04386161097336211,0.020736367214418766
1966-05,0.018176537410530096,0.026472388274906937,-0.04319523804026117,0.020581021039514102
1966-06,0.016507530232408633,0.026617421772843052,-0.0449177570983407,0.02075868222095261
1966-07,0.02112541288884022,0.025422293100780653,-0.04443838969056605,0.020835544214590326
1966-08,0.021302074313868605,0.025464501127114462,-0.045771129672718944,0.020886363094787537
1966-09,0.025304992629872652,0.02456520346432911,-0.04642248252403534,0.020913483166617005
1966-10,0.026004825691147263,0.024731882850105465,-0.04578023398236194,0.020939381958319635
1966-11,0.02733259423459991,0.02485291978087356,-0.045645856036187746,0.02107938303535865
1966-12,0.027060022620325308,0.024701271972693763,-0.046218536937326644,0.021107721514910884
1967-01,0.026220919806781907,0.024524259668370678,-0.04844637993666165,0.020855532065440406
1967-02,0.02335163738049894,0.024406866033508556,-0.050168454925580294,0.02067162380581988
1967-03,0.023559769296963635,0.024431058996675834,-0.05218448530881271,0.020603457292661633
1967-04,0.02289697254340762,0.024318557870285962,-0.052996867684644296,0.0204191867953538
1967-05,0.019619540976173626,0.024640985147902177,-0.051680133404867046,0.020259706787755974
1967-06,0.021537816790194307,0.024651356092371415,-0.055010286407780856,0.01999909510633091
1967-07,0.021351029652510203,0.024771632904747473,-0.0574737558529745,0.01987296802995211
1967-08,0.021766836558608792,0.024695568849536498,-0.05730578309597173,0.019824584050683665
1967-09,0.02261248599661816,0.02452806320621166,-0.05627839810817347,0.019764691688636885
1967-10,0.021947240307553326,0.024580310314573497,-0.05875622820219942,0.019724380526498886
1967-11,0.022104285117204785,0.02448831281839655,-0.06395450068286634,0.019676212333966117
1967-12,0.021368753832671575,0.024645099946415297,-0.06350952033741979,0.019483972938103816
1968-01,0.020976125086190605,0.024799015855689523,-0.06408492450099809,0.019463354646810118
1968-02,0.02121961410898876,0.024599903465585986,-0.06551547922943361,0.01946501651913745
1968-03,0.02252937446734252,0.02468946669218987,-0.06733074664728646,0.01957381243538057
1968-04,0.02307799771309602,0.025109416970859066,-0.060887384733432,0.019899355000099022
1968-05,0.016804546417403768,0.02577259098886803,-0.06268648220542822,0.020089802399020997
1968-06,0.017611508894759542,0.025441407285300706,-0.06206096648012767,0.020284157121269308
1968-07,0.0198559782394696,0.02538007517565035,-0.06446974242225734,0.020325943236941577
1968-08,0.020777586688753714,0.02541320323702077,-0.06042590854179243,0.020478076343295813
1968-09,0.021562191813522612,0.025047896414156494,-0.05718271742436372,0.02172966668405844
1968-10,0.02144620147967126,0.02491074679724326,-0.05561072623257686,0.021933065511236218
1968-11,0.022896940583908162,0.02493067134293767,-0.05208102242759818,0.0228498210228844
1968-12,0.02063470863974194,0.025625613343627267,-0.0546287565961892,0.023231451591110258
1969-01,0.020673668720575026,0.02553732545315428,-0.05485511275441116,0.022995476692819365
1969-02,0.021868981239307143,0.025253161231128016,-0.05421374103156913,0.022896693705047405
1969-03,0.022333308780471947,0.025008923363931564,-0.0558666505036058,0.023265011704366116
1969-04,0.023017271127662563,0.02504282141170545,-0.05475973098529518,0.023128866678605437
1969-05,0.023014724561172546,0.024915458023369502,-0.05465634783323225,0.023131311024641738
1969-06,0.019402451575269302,0.02508630878485848,-0.053141697517533615,0.023352130797119158
1969-07,0.019793055819734673,0.025074148079421918,-0.051524443683749074,0.02310956996600237
1969-08,0.01942755424392776,0.025076380043140063,-0.05029241882468263,0.023494999828263054
1969-09,0.019291490341971477,0.02508108261962084,-0.05024388258881012,0.023558537764588786
1969-10,0.021138483102189798,0.02494734876601519,-0.048359502180277146,0.0233396899581199
1969-11,0.023963929004767584,0.024663093970883662,-0.049409532400112435,0.023461312101067017
1969-12,0.027213602504866763,0.024826644123758387,-0.050955321915455626,0.023202048822212763
1970-01,0.02232024455223995,0.024584892153365876,-0.0527426229953121,0.023250304064957532
1970-02,0.018327459182959024,0.025172812191749647,-0.05715716865406667,0.023110732078439382
1970-03,0.01855000006452887,0.024782187505667054,-0.05567165319212123,0.02368400890376863
1970-04,0.01492479790591527,0.02514953793151468,-0.05849227648969055,0.024306118585539202
1970-05,0.015357541773511816,0.025304155190075388,-0.058252737474435164,0.02441113177182266
1970-06,0.01587966932923089,0.024639325192394583,-0.06013535275314261,0.0227946626862545
1970-07,0.01614572991377635,0.024659805656461767,-0.061023861120840045,0.022792699159327155
1970-08,0.015598508164128961,0.024443191745765886,-0.0642480437911607,0.022303834149008505
1970-09,0.015451482982492486,0.024452363897675633,-0.06392075093877184,0.022106642921061664
1970-10,0.015030966873538585,0.02444872509837481,-0.06441432469937086,0.02182844576803135
1970-11,0.01743852241561461,0.024290727049488786,-0.05568340787724459,0.021988990426514258
1970-12,0.01752411588727134,0.02395595753129953,-0.057196963127845876,0.021590496870626242
1971-01,0.01732836125672492,0.02393705028008495,-0.0570124628833999,0.021397932124630738
1971-02,0.016309866149762643,0.02381579430465873,-0.05606819820898601,0.021540612288765075
1971-03,0.017158480599658868,0.02363772620093208,-0.05591352175221862,0.02146242816096334
1971-04,0.01609241431184616,0.02366839645761668,-0.05725239641590851,0.021332196440307174
1971-05,0.014801641931014634,0.023645361112179974,-0.05913062656655014,0.021193760722667307
1971-06,0.014172588731726932,0.02334034448229622,-0.057466542438503625,0.02110541648601745
1971-07,0.014458726683011486,0.023280983998730374,-0.06275160032253711,0.02225177614251123
1971-08,0.017357901144630008,0.02395908400890367,-0.057611699987377515,0.02138500295284946
1971-09,0.017977720293255832,0.023925659752430842,-0.059434216897245234,0.02126943277673039
1971-10,0.01695441572973773,0.02380398599740114,-0.0680153196932029,0.02198424169332117
1971-11,0.016247274494469728,0.023831907083617973,-0.06707232660206458,0.022060017779363766
1971-12,0.01647965985379425,0.023898810499303293,-0.0682308054171348,0.02207518404128348
1972-01,0.017784581149363838,0.02391022167641814,-0.06647803291557886,0.021819332668932285
1972-02,0.01458690652862537,0.023960349000281003,-0.06518936463825104,0.021476942456912566
1972-03,0.015615828702715828,0.023896057914028927,-0.0634818754840956,0.0219223185497463
1972-04,0.016241999783186058,0.023804485208898718,-0.06399525071774867,0.021965673936941245
1972-05,0.018209432917434258,0.02377327499405199,-0.061979186724308834,0.022074624255885404
1972-06,0.017412286999597126,0.02387335839882669,-0.062542855247159,0.022016644231859388
1972-07,0.017656045327346388,0.02377374491120882,-0.06467212712213555,0.021749783750511696
1972-08,0.018064704386925222,0.023847291663943143,-0.06401442826961676,0.021715651396136248
1972-09,0.0236185389867795,0.02396434975248556,-0.06758425260647713,0.021666368770360253
1972-10,0.02270911195591714,0.02417499675398581,-0.06591344723565139,0.02168098307324945
1972-11,0.02261646609805549,0.024426551878212327,-0.0651651989741832,0.02195632704512985
1972-12,0.021958368109728156,0.024475378445329463,-0.06496086883268185,0.022007644661435625
1973-01,0.02079315340197608,0.024438003106040294,-0.06297918465692977,0.02209876923377121
1973-02,0.02165212120703555,0.024283947208522713,-0.06304840925158806,0.022123452982589352
1973-03,0.023717595828812162,0.02398144349433083,-0.06695764248166833,0.02205525587678607
1973-04,0.02293462854412179,0.023764302135873897,-0.06952905433229287,0.02263641941991253
1973-05,0.022830962366926166,0.023784458730280476,-0.0701329035893017,0.02268509658481856
1973-06,0.022886153422517402,0.02375482748953288,-0.07117173306905819,0.02273010949896375
1973-07,0.02255344599892472,0.023860258392987648,-0.07035742150643451,0.022644707683299178
1973-08,0.022507326591247014,0.02381136840581116,-0.07123256893891658,0.022672500415973282
1973-09,0.02282930910780934,0.023406541027281846,-0.0726626939396404,0.022655548323511243
1973-10,0.019847773149413536,0.02345368452303744,-0.06598448622349468,0.02327842974046692
1973-11,0.014853864025967656,0.02364107748288196,-0.06552286070949087,0.02319588063316544
1973-12,0.014610453424203657,0.023614369414333498,-0.0656276138452104,0.023370992301783338
1974-01,0.015117206179301245,0.023353812009001194,-0.06535655203434336,0.023354692726417207
1974-02,0.012839219204564753,0.023476176102754393,-0.06531774260565588,0.0233668768687145
1974-03,0.012639433865342532,0.023480707977785075,-0.0659528572833965,0.023394756101530915
1974-04,0.011983166297311939,0.023680330459109916,-0.06469109150642435,0.023483196354108588
1974-05,0.010607266408415018,0.023635700923939153,-0.06476135199112149,0.02345585908624373
1974-06,0.01193431068386299,0.02342736560126123,-0.06890844997086856,0.023727694734467304
1974-07,0.011003278005080353,0.023273023805958994,-0.0702604170786224,0.023853078314730533
1974-08,0.00403773822327573,0.023205754417349376,-0.06751465464159646,0.02390452972183657
1974-09,0.003888962033664907,0.02263175596404224,-0.06933736935153931,0.024531032458977198
1974-10,0.001980234561065417,0.022876070042867996,-0.06951733055225955,0.024446090206508217
1974-11,-0.0014645440639496216,0.02273987199425734,-0.06935242555576963,0.024705868490332905
1974-12,-0.003539221859290481,0.022681391371265805,-0.07437471609870205,0.02384817961292764
1975-01,-0.003174204892410222,0.022558389383496216,-0.07439927817847848,0.02386191928469688
1975-02,-0.002736772764785733,0.022772363017364794,-0.07519403559697617,0.023988792087892806
1975-03,-0.0028994356664513166,0.02278761699677942,-0.0753442284509021,0.023986544177026822
1975-04,-0.0022502357165273337,0.022733102608294392,-0.07589131756790338,0.02394371990488135
1975-05,-0.0007699257100397469,0.022781753866688566,-0.077259518190909,0.023714566245989794
1975-06,0.001273925744161318,0.022645325016994882,-0.08075377000705355,0.023135839797263597
1975-07,-0.002437562118679161,0.022835348330468627,-0.08155498916038045,0.023251725957571433
1975-08,-0.0036431668840084114,0.02281873469467127,-0.0842122171593517,0.02306892058944442
1975-09,-0.0031981121053546654,0.023078662525048112,-0.08409240235665547,0.023534340633031742
1975-10,0.0003765930353465258,0.022799047851109762,-0.08521075608762851,0.02351532033109472
1975-11,-0.0036888388622801707,0.023238167795034986,-0.08097119014545814,0.023829181687439447
1975-12,-0.0046606901899710895,0.0232570386677639,-0.07920074808881394,0.023994187092857944
1976-01,-0.004860194708208726,0.02329191916504842,-0.07906175588253708,0.024040625122699024
1976-02,-0.0028453927574623034,0.023344914644848787,-0.07973334570674004,0.023960049845365917
1976-03,-0.0043099007312033255,0.023168100641427214,-0.08081014639550424,0.02384506287192058
1976-04,-0.004511041576200699,0.023037381567992427,-0.07849556812235392,0.02399980214627881
1976-05,-0.0050918688601484866,0.02294688078117326,-0.07918952142730806,0.024379594679323685
1976-06,-0.005544149399167045,0.02300992676706361,-0.079630604795018,0.02432888762848509
1976-07,-0.0052670680332484385,0.02297442806160416,-0.07819483731717142,0.024187426587506708
1976-08,-0.004862217493375141,0.022868117241269376,-0.07625437082059103,0.024063497111021015
1976-09,-0.003250425345701205,0.02264477436776891,-0.07376949844736981,0.02419193567867643
1976-10,-0.0036758219693765123,0.02249263353916447,-0.07355916213181954,0.024167023626637026
1976-11,-0.0002833468359219188,0.02262978585122654,-0.07142273877557098,0.024417658447993203
1976-12,-0.001598282353141453,0.0222872775282418,-0.06996404177719032,0.024578678312937172
1977-01,-0.00019083247005673848,0.022131133374128188,-0.07027623012537991,0.024444920816004814
1977-02,0.0011524011403697132,0.02265923849723222,-0.0715940129729864,0.024344402655795915
1977-03,-0.0006797150642736532,0.022046864155104998,-0.07006826216608344,0.02463978629385409
1977-04,-0.003978609767857938,0.021610280104286478,-0.07796517446254254,0.023467892080104632
1977-05,-0.011811616235632667,0.022268712675233046,-0.07883970776923929,0.023519986841328947
1977-06,-0.0055668415831281876,0.022920004261811597,-0.07748094803218514,0.023604060165231255
1977-07,-0.0031111952290879402,0.02293864141409409,-0.0734334348103816,0.023938926824275425
1977-08,-0.004417619244200213,0.02292670539431606,-0.07356530678177582,0.023790163465883852
1977-09,-0.0029257544162506477,0.02283321714026228,-0.07462221897424606,0.02373600237619513
1977-10,-0.0050278639190470195,0.023055053006326914,-0.07652057883060004,0.023983544203722854
1977-11,-0.0034549077677339182,0.023020683383441355,-0.07520391514903649,0.023926503135128903
1977-12,-0.003581707882616622,0.02423451502694061,-0.07577605665706699,0.02410709886795253
1978-01,-0.0008828520443165122,0.024394248807572825,-0.06982760465669254,0.02468534709687221
1978-02,-0.0019301399955274634,0.0244081855044756,-0.06641817699309319,0.025959451039871066
1978-03,-0.0003271262421512128,0.024588818169718165,-0.06915097256536185,0.02601814977670567
1978-04,0.003886665029894501,0.024550972539177342,-0.06772534298744347,0.026001375755492117
1978-05,0.004477926875820347,0.0244635836226803,-0.06713619050760421,0.025996635803517475
1978-06,0.0031598196516377866,0.024730233439471918,-0.06834752574507069,0.026111190419732803
1978-07,0.004658945132854489,0.024202289872683837,-0.06729516339704547,0.02600923370347513
1978-08,0.00668455094938393,0.023797989745124478,-0.06718766893684404,0.026046241592972284
1978-09,0.0037065122019650856,0.023703675081631535,-0.0664626908041716,0.026088535857537558
1978-10,0.009714872533364085,0.020641095108629652,-0.07072397039853728,0.027161765141218746
1978-11,0.014459415236923609,0.018290194927380994,-0.06453808200682891,0.02499732326401442
1978-12,0.013857985812997298,0.018544369702819044,-0.059257573015281555,0.02433627120860159
1979-01,0.021745968436182327,0.016915746300351614,-0.051583107563063224,0.023421673347291613
1979-02,0.024265477872004632,0.016759959199320124,-0.04895900249709638,0.02339048088391174
1979-03,0.022251989365099187,0.017024418821249408,-0.04664687581083459,0.023425454309004036
1979-04,0.023456249384490657,0.01703311419791152,-0.046251230439685584,0.023455036184504965
1979-05,0.021494538447432036,0.017067586973682203,-0.043872863625343685,0.023827793047256365
1979-06,0.023943852745591236,0.017243333457019082,-0.044545370596977524,0.023849179593280576
1979-07,0.023151728452627474,0.017212950921405446,-0.04169489266984254,0.02422958860581475
1979-08,0.022107476626941555,0.01682818780811141,-0.04372634124766778,0.023941484689479563
1979-09,0.023736494186362,0.017201880792655923,-0.04502449594835914,0.024094953629370218
1979-10,0.022030092418341238,0.01727103207714471,-0.04416160748738848,0.02408617693525016
1979-11,0.022130315477582468,0.017213098014360453,-0.04111902964033834,0.024305877215055317
1979-12,0.020917166580131517,0.017033463654626872,-0.0416704018368767,0.023942837495756913
1980-01,0.019274805608946007,0.016695916765033483,-0.04350775607529547,0.024120389405868907
1980-02,0.01889978661171674,0.016518503164186564,-0.03803883961163647,0.023571851753795704
1980-03,0.01936718591849585,0.01669781350175146,-0.03828355946982946,0.023173540168500283
1980-04,0.018609028527754135,0.016885750295164124,-0.03903359055993162,0.022976331000515354
1980-05,0.013946585545885067,0.016815198146580067,-0.036909100221243656,0.02211021814700291
1980-06,0.02299273051051708,0.017378370643891854,-0.03330221159129993,0.021567803886538457
1980-07,0.0168814537091626,0.015973816058240914,-0.03165260262145332,0.021178670849170727
1980-08,0.013182194429764947,0.016023735642799995,-0.031913070063568555,0.021106878379040222
1980-09,0.012157164892724157,0.015871693945344018,-0.030521890609152738,0.02099087318393857
1980-10,0.011862215719998903,0.016183594498466274,-0.0281460669843386,0.020897094363640987
1980-11,0.010136689408801212,0.016321540266426324,-0.02678527940842993,0.020883376464375998
1980-12,0.008187744547498002,0.01654775660390974,-0.022568146213487572,0.020841005324794097
1981-01,0.008023730119276148,0.01659490213617281,-0.02187481996918738,0.020967183525698038
1981-02,0.007615868170774694,0.016591283535181002,-0.023489491038365052,0.020797061690631734
1981-03,0.007556756837949673,0.016664580809041107,-0.02176252573818945,0.02098210685439696
1981-04,0.009646559658276165,0.016542703605093856,-0.02303873872694153,0.020492740358779543
1981-05,0.012842475995159738,0.0169107454852789,-0.02222476579086624,0.020527455206928915
1981-06,0.013915986169989757,0.01719631084775539,-0.02220462447101473,0.020529641360223217
1981-07,0.006066049200803345,0.015494843367206365,-0.025609065107510126,0.02033671657490955
1981-08,0.0054051519392896916,0.015432088952172766,-0.023995294527104243,0.020396934606069877
1981-09,0.004148385152675627,0.015371756586641557,-0.026345536791745935,0.020668697467268352
1981-10,0.003593507039529084,0.015484423040901994,-0.024497699768592868,0.020032686069307318
1981-11,0.004924439130397508,0.015335247320522485,-0.02188446975586069,0.01986274362796333
1981-12,0.0024489840631225362,0.015612912217151964,-0.021615411014218475,0.019983473002710635
1982-01,0.003286228729823145,0.015202718561722955,-0.017989049224033528,0.019691084324591348
1982-02,0.004362719401169519,0.015342813499847887,-0.016412827472923247,0.019639283884363964
1982-03,0.0032388259951917006,0.015318471558494586,-0.01798769771053009,0.019257620560779086
1982-04,0.002962980554141393,0.015376641109270998,-0.017814213827745055,0.01925119645747322
1982-05,0.00419871472139367,0.01547617916876612,-0.019763196991855254,0.020647682459378296
1982-06,0.002750351607550699,0.015413587880254306,-0.014359557112783035,0.01807427118633587
1982-07,0.006685979853119389,0.01624373320868105,0.0015189226707162176,0.01951825177083601
1982-08,0.006410429581295132,0.016152903969425966,0.002444314166937467,0.0195880763305769
1982-09,0.008161939188012918,0.016545433199941336,0.0056675552484230785,0.021073317882762593
1982-10,0.0059349640924054314,0.015995710519988233,0.005051961472407034,0.020708481899252118
1982-11,0.0034083086323534045,0.0161135241578062,0.011723921306999542,0.020466282001074785
1982-12,0.003012505083190925,0.016096836744381938,0.010295208276678638,0.020456655350765775
1983-01,0.004139568159794035,0.015979213918200272,0.008792962645684979,0.020366685823248777
1983-02,0.0018304318713769363,0.01600785204195442,0.004464827093301697,0.020239222343164227
1983-03,0.0014332429258738233,0.015953588098242825,0.004693506847215305,0.020259724399382395
1983-04,0.00459070365460771,0.015987790067815217,0.003222022615046744,0.020181356960858734
1983-05,0.005097995177306976,0.016024968538788417,0.001868853357530148,0.020539232829412706
1983-06,0.004724713530076863,0.015964481502619803,0.0009936205150577332,0.020653950165694678
1983-07,0.004076306906442284,0.01635532046061036,0.008166035762727925,0.02089626301762896
1983-08,0.004334967486457342,0.016429043318644164,0.00634674180308574,0.020635351414316886
1983-09,0.007979448373279116,0.016608778355485087,0.004162137700358767,0.020498756528322597
1983-10,0.008896108853574447,0.016703413539098086,0.003671693219105182,0.020479697632298538
1983-11,0.007739584123538069,0.016458797520922476,-0.0006056056684746736,0.020710819436487997
1983-12,0.008316490983910178,0.01637759193272349,-0.0006047312497005769,0.02072999004664203
1984-01,0.008548990406522218,0.016472463189182482,0.0016141055665693446,0.020581719096108404
1984-02,0.006069920314894839,0.016716660679389417,0.0011973659594492411,0.020536372031446516
1984-03,0.00518493995169015,0.016686528721681443,0.0020804317580397705,0.020491921474026887
1984-04,0.0036922032274807615,0.016892922279435948,0.0056782583886695395,0.021275237506943174
1984-05,0.005760006148401942,0.016720281182039092,0.004129889921271279,0.021129350456438854
1984-06,0.008721004471858432,0.016809686368647953,0.00017947041249903595,0.020982068559907356
1984-07,0.005914955403552344,0.01690754252975232,-0.002688655646542047,0.0209981749187872
1984-08,0.004302460605213304,0.017099754957858697,-0.0038188187270915067,0.021122044274985322
1984-09,0.0038200774595727877,0.01707515729436507,-0.0023915403027046783,0.02151294531486862
1984-10,0.004539731547131755,0.017000396170972022,-0.0028099276440519336,0.021500103342260463
1984-11,0.0011180032535392723,0.017192291596863814,-0.0033430166329847452,0.021469706050434235
1984-12,0.0010913522777240559,0.017178839974019585,-0.0018886795250783323,0.021163004020333814
1985-01,0.0014845693544937172,0.01725436620277762,-0.0037230501657851967,0.02122605549439284
1985-02,0.000789118555035391,0.017194402850398142,-0.004511875455397177,0.021248960431541994
1985-03,0.003525014803265683,0.01670039070543757,-0.0046837363199546955,0.02139302497130296
1985-04,0.0061008933944983815,0.016366449911413818,-0.0083669151634133,0.021331284974430945
1985-05,0.008458131426038518,0.016049701222824342,-0.008953159543154676,0.021458208049528617
1985-06,0.007901034662416501,0.016140276826095097,-0.00971252265235821,0.0215643906464777
1985-07,0.0068219939931208895,0.01600498691271918,-0.010376046656857096,0.021662506975276757
1985-08,0.007618714674727092,0.01598019571714175,-0.011478517263135604,0.02168267227509842
1985-09,0.007404132739572144,0.015943484091289158,-0.011881984376496027,0.021674389511461268
1985-10,0.007659563542440103,0.01597634465494583,-0.011875454112159012,0.021624178883582004
1985-11,0.00505692842176398,0.01609550586645619,-0.013923661124101344,0.02154334104648218
1985-12,0.006261624700476639,0.01623517222264021,-0.012660583356688473,0.021396671675750177
1986-01,0.006536498643788554,0.016220347373163288,-0.013623764003868569,0.021545240540756412
1986-02,0.009567704249309122,0.016473822280758534,-0.013455960258490884,0.021398164511263664
1986-03,0.010143726828351192,0.016675415497774623,-0.013186304134226223,0.021204743364422227
1986-04,0.008948941844898774,0.01670627569228457,-0.012663767272084361,0.02117239471755492
1986-05,0.009521806480103772,0.01688161769510442,-0.011817680635302613,0.021097984308507164
1986-06,0.007897922833960798,0.016479869595922177,-0.01037762534894339,0.021195832941813687
1986-07,0.0059115401891662814,0.01538400982845525,-0.005344614132527348,0.02052071883764733
1986-08,0.004908800909184951,0.01550147141362436,-0.002704759539799123,0.022412034871097372
1986-09,0.005620595464312161,0.015605691233541398,-0.006449600498414643,0.021511170411494324
1986-10,0.006091182023081003,0.015633631250987268,-0.001829024549830624,0.020381812434590384
1986-11,0.007169078466437273,0.015937850726576483,-0.0007406279541676553,0.02052076361732884
1986-12,0.007978511088663452,0.016208288557861408,0.005684822327811506,0.020227443550707467
1987-01,0.0059117737379929085,0.015898721635185475,0.007336889522794196,0.02008746014684764
1987-02,0.005863245320829075,0.0158794795746738,0.007648710283405247,0.020107469308337372
1987-03,0.007538140870863808,0.016248496074794627,0.00846279493146998,0.020142733116585244
1987-04,0.007504426066825665,0.01607849701016983,0.007964479413533676,0.020165823569906864
1987-05,0.007121300046381096,0.01610927851333972,0.008090492449353365,0.020333521523973136
1987-06,0.0031415447997371823,0.015194235413979556,0.009596301138094926,0.020581629824016425
1987-07,0.0038021165258544584,0.015120058950377428,0.007930869112548589,0.020590779365111587
1987-08,0.003372170715670806,0.015051509177726166,0.007855408415501683,0.020630806925659547
1987-09,0.02340789285381648,0.025531660622488645,0.01157996086188963,0.021081004800851028
1987-10,0.0017756236350890686,0.018058719134000853,0.011542598300415721,0.020966197653249002
1987-11,0.0034605506392779706,0.017999481683852132,0.012659528345957738,0.021039663609136835
1987-12,0.008434422959427507,0.01837746324611415,0.013516553510275656,0.021042541997026192
1988-01,0.0014575445216267885,0.018803125090063568,0.0063379573440397186,0.021278081236601347
1988-02,-0.0008371534630170416,0.01908669071590218,0.0049730735267961845,0.021383267794450257
1988-03,-0.0015445919007147785,0.01899296725324616,0.007703948278703535,0.020864585016925462
1988-04,-0.00014951638170507264,0.019070080780297784,0.009832581374284319,0.020854520759232633
1988-05,-0.0012024021365076784,0.01903872491038775,0.010780874529405807,0.020902453732553644
1988-06,-0.0019414464644641367,0.019081803648991678,0.011579766147460133,0.02101064018167262
1988-07,-0.0031076255012963995,0.019002624031740183,0.011894780114659428,0.0208025179353425
1988-08,-0.0056641155061463305,0.018958851387989133,0.009922535800327148,0.020461083783645802
1988-09,-0.006451120698411646,0.018869319223071775,0.010373115423056897,0.020608911479381337
1988-10,-0.0061325221576349065,0.01874406208861899,0.00326587536488665,0.01937656841159835
1988-11,0.0011702039469106418,0.01892221004601651,0.00548992813114503,0.019485397792664606
1988-12,0.0014914395958051663,0.018747945185805137,0.005571002245706308,0.01961251060127963
1989-01,0.0008031655514440135,0.018842956198470446,0.004855098236038205,0.019803714659064192
1989-02,0.00018937154422807995,0.018545732193461464,0.005039568110922724,0.019554323589485986
1989-03,-0.004069281520066345,0.018070190969644614,0.006413315138913744,0.019794662228785186
1989-04,-0.004741881515729553,0.01765627386132289,0.005970312724527874,0.020184056071990704
1989-05,-0.002681903186493771,0.017235984450849947,0.006280536432839184,0.020056535330477535
1989-06,-0.004046975265544539,0.01761565910243191,0.00925280763626729,0.01937543551194883
1989-07,-0.0011545375785267653,0.01709617887656079,0.011570267469313777,0.019149942704359005
1989-08,0.0013761682987495846,0.016713672288970027,0.013979035343941182,0.019532500274046682
1989-09,0.017492941680591276,0.01927554950760499,0.031016826756308943,0.022156659515275085
1989-10,0.008344604921698773,0.01739767684526348,0.032346834034589426,0.022640811913267896
1989-11,0.009394287141979004,0.017776675204616968,0.032180232518631516,0.022363555889986425
1989-12,0.011811340624630884,0.018096925188899982,0.031309218680859924,0.02198099409967611
1990-01,0.008252006167883448,0.01839522447327718,0.029159273573605253,0.02157525170844922
1990-02,0.005958719055295795,0.018917659786647837,0.03133202193404429,0.021629460058637043
1990-03,0.005369273012626083,0.019015106541557865,0.031245527064330886,0.021617667319541484
1990-04,0.005561049365664806,0.018969547979221155,0.030832648059540054,0.02164398643153195
1990-05,0.005504995081018168,0.018873474217035884,0.03097222948840635,0.021618130955409598
1990-06,0.005289685620591542,0.01874310200141798,0.031206750992720644,0.021642232218873486
1990-07,0.018379716862901428,0.020311745852398044,0.027249212702669477,0.022459705695015927
1990-08,0.02007768332423847,0.02059039100622057,0.028444769272702695,0.02212492585214108
1990-09,0.01983947240780638,0.02034996098617916,0.030768076588548684,0.021704674258995044
1990-10,0.017902396962606325,0.020395954866134665,0.030162637594880977,0.021494815293318762
1990-11,0.019227857879575302,0.020899367999062553,0.028752798699932677,0.022018725193219544
1990-12,0.027246905648440845,0.022304655626074137,0.027989606577599455,0.021903423049113278
1991-01,0.027476346163686778,0.02219189646185544,0.031280477601975366,0.017520817434272692
1991-02,0.026613307091051086,0.022006158893808025,0.027418568253972035,0.017690909345977293
1991-03,0.027103650560607977,0.02200299974964408,0.027432107820028702,0.017535760425040573
1991-04,0.026487431392320446,0.022004636241761872,0.02675345633807219,0.01753874771345411
1991-05,0.025040344058566665,0.021727983035008957,0.026520191915937553,0.017482718995745574
1991-06,0.02081744747713643,0.021738877580326426,0.02692499236035858,0.01764734677587291
1991-07,0.02051808219216833,0.02183200101881669,0.026773455979834583,0.017549932944619186
1991-08,0.019643842642868337,0.02224795648401384,0.02963899302725112,0.01788682467616611
1991-09,0.020104526749054337,0.022180520190697026,0.029275347120256614,0.01783088152095148
1991-10,0.020187331118147744,0.022299302909709797,0.029759411294247317,0.017992398526237192
1991-11,0.01827636840888247,0.021981634252570593,0.028275998703446856,0.018006834928514855
1991-12,0.019608737746671198,0.021875650185119683,0.028518015751253893,0.017926644489947397
1992-02,0.016999324211132164,0.02173910233962943,0.02916096359342276,0.01804563406001454
1992-03,0.0172917008974992,0.021916827470257142,0.02774342123568583,0.017799610780766525
1992-04,0.015892674375166907,0.02187618989935498,0.02690573112164235,0.017620204758399163
1992-05,0.014615603261334091,0.0219987989292586,0.02923927827107191,0.01803074442982436
1992-06,0.013408099341718355,0.02209685564396863,0.028605402931984825,0.017924046085620628
1992-07,0.014433150735249388,0.022094128243252107,0.027632849488594236,0.017753789885027443
1992-08,0.014994062518762334,0.0221411774925692,0.026772598298994657,0.01781538304793976
1992-09,0.017316764202210164,0.02240448048457041,0.02832054345721708,0.017702132043846606
1992-10,0.017070260836216523,0.02235410706587545,0.026148713648487247,0.017543423732875495
1992-11,0.02123888819062987,0.022090336318829513,0.02608920304062677,0.017527283473816033
1992-12,0.01992309515129842,0.021910976522787645,0.027366095642023254,0.017912092019928497
1993-01,0.01916689564101791,0.022317705658978646,0.02791566768711136,0.01786302229213684
1993-02,0.018808001000333828,0.022312673840631205,0.025839304892048144,0.017684860577510585
1993-03,0.0203234260187417,0.022550127852499477,0.025574444012073358,0.01760207389441432
1993-04,0.02073306121542394,0.022410830182106496,0.026818249370535098,0.017635287738300316
1993-05,0.022695986471173386,0.022444024925924934,0.025324125294084843,0.01751495902005738
1993-06,0.0237867782957729,0.02255980964562373,0.02521293372453065,0.01750448143409859
1993-07,0.024668834801372108,0.02225241415568172,0.021221349838008174,0.01764517672254035
1993-08,0.02453966032993035,0.022214560392902753,0.021145404254474927,0.017630215653169516
1993-09,0.025840584378306452,0.022217556649446323,0.018185977481834436,0.01806758439646424
1993-10,0.028385535953324437,0.022252844666125197,0.01769696876046294,0.01803396638195667
1993-11,0.030645450548701356,0.022395957587753743,0.018985573701218637,0.018058726831350482
1993-12,0.030243956328144438,0.02220941492554786,0.018344157026311973,0.018042546331511235
1994-01,0.02893836377676068,0.022289558105656224,0.018102531172957247,0.018018185017312546
1994-02,0.027946246678590102,0.02227089114776831,0.01732441512775013,0.017835627595601835
1994-03,0.024793586122300475,0.022454571874984435,0.017717866718055295,0.017822338333925655
1994-04,0.02668111120589916,0.022289499037465986,0.01620335026400723,0.01763934869725024
1994-05,0.027270638918815246,0.02223993879074923,0.016305934056529886,0.017620629165620086
1994-06,0.026779888831769356,0.02225035968646577,0.015137134808493671,0.017568534927268595
1994-07,0.0268791448893394,0.022159603111087296,0.015176598085299885,0.017553997100761647
1994-08,0.026803412364773765,0.02213388297319199,0.012707353883985445,0.017865763716694395
1994-09,0.025873431322360696,0.02215342591034145,0.01248247785046535,0.017692064148691296
1994-10,0.026888324033730808,0.022178307745512653,0.014406221237182167,0.017453302143549704
1994-11,0.026538159751612445,0.022254229857778952,0.01484243765417688,0.017635706214202043
1994-12,0.023787021624842385,0.02198114363715346,0.011394032677070544,0.018065162196670644
1995-01,0.02420280578630573,0.02194357743930865,0.012141462700521917,0.017693361245977243
1995-02,0.024522873589814708,0.022104742559748237,0.013808426053985759,0.01758500034558004
1995-03,0.02171149521341761,0.022322517979772877,0.014140944832867472,0.017524444167309597
1995-04,0.02294830979003004,0.022278451648039408,0.01357648520402957,0.017309266087627142
1995-05,0.022141431740143772,0.02236975681283533,0.013618912875592033,0.01725762908891016
1995-06,0.02211068197448575,0.022353791038728237,0.012922808258007693,0.01735888830250352
1995-07,0.020387920444916656,0.02292517725339181,0.01436401658184118,0.01728063775729222
1995-08,0.020734282706520366,0.022636079445464728,0.015830146029839717,0.016954092162202783
1995-09,0.025506459222561208,0.02134317826536914,0.017678325770525576,0.01665113471272676
1995-10,0.02660356067497504,0.02121776321071619,0.01887943737000168,0.01665312041394833
1995-11,0.030072264507008457,0.02094009400683874,0.019833868830875012,0.01658011580925837
1995-12,0.032416693834405964,0.02117305421500554,0.019118976967537143,0.01660639561029576
1996-01,0.03260726113981911,0.02121592420319442,0.01899781287385153,0.01663707370705669
1996-02,0.03185657619059685,0.02125457139385484,0.01973994324886879,0.016636095498863322
1996-03,0.0319817671046037,0.021253139267719563,0.02001998388399017,0.016596532234201867
1996-04,0.030976801290137183,0.021270562414008074,0.020146073236510353,0.01660196780953547
1996-05,0.03110498741689236,0.02143666401087024,0.019972182703793195,0.016639889936690782
1996-06,0.03089431073958397,0.021553217849733255,0.01924161935085543,0.016746146973136086
1996-07,0.031521788647827294,0.021488505426896783,0.01985556558566344,0.01655686250231728
1996-08,0.03443183379783652,0.021198347505491374,0.02125948862635591,0.016473288043691848
1996-09,0.03803067281299355,0.020974813794175755,0.021808348527177772,0.01646752137300492
1996-10,0.038218180719674574,0.021009006215207623,0.021973342576039438,0.016498521233221736
1996-11,0.03807263818213534,0.021086668588133784,0.021445988692099023,0.016548589686853025
1996-12,0.035286617926957836,0.02152068401628659,0.020405324422518425,0.016538442229297685
1997-01,0.03835928179781081,0.021241767271334536,0.02049711928473684,0.016531816661961556
1997-02,0.03956432385238546,0.021389089837816688,0.019698487089118324,0.016569630346743008
1997-03,0.03871156949644383,0.021367930008225157,0.017534317584860418,0.016897819599263494
1997-04,0.03791450915431315,0.021342112363920824,0.018417059534564892,0.017221361845160373
1997-05,0.03728181597069602,0.021349954004126644,0.018061882394172793,0.01715468845509056
1997-06,0.03693396325909331,0.021284613927915003,0.017901143012561647,0.017223519984890277
1997-07,0.03623562373456846,0.02140862326231526,0.018747911593591696,0.017364356007131775
1997-08,0.03660044069620362,0.02108299621935368,0.010029441549932419,0.017216889239767517
1997-09,0.03854112711361344,0.021021507875342446,0.003098852767912552,0.020087754189447655
1997-10,0.041693866466655925,0.02037168860816455,0.0012252579645291584,0.02091953107920706
1997-11,0.04769073022620207,0.01965972029086052,0.004235349905687753,0.020381635946178867
1997-12,0.04837545951004393,0.0196601681535718,0.003851983800036478,0.020428972620670435
1998-01,0.051625167541909656,0.01982966909657211,0.007128824417524833,0.019461227946590477
1998-02,0.05149460353242284,0.020056729320220616,0.007759674167743882,0.01940746377899772
1998-03,0.05184689662638728,0.020109602812525856,0.008587280072400512,0.019092239518405624
1998-04,0.050476793609114536,0.02003804317958431,0.009756119693755685,0.018916595507663267
1998-05,0.05168412050088708,0.02008561141511413,0.009105251685369485,0.019061945818553132
1998-06,0.05240909424422946,0.02010618313057826,0.007572827091131537,0.019206039484094946
1998-07,0.05154144368709919,0.02031354074973606,0.0030960905413990047,0.020722426134001916
1998-08,0.05335982453065783,0.020962979520500233,0.00010851105723028165,0.021665029861434492
1998-09,0.054404053371129246,0.02139385585440031,-0.00037501111256554864,0.021527716919368788
1998-10,0.0558908264407008,0.02189746282140053,0.0012065498250139334,0.020819736836560056
1998-11,0.05451093076440836,0.022098049110499094,0.0006664835710910658,0.0209248488554941
1998-12,0.05166261001353011,0.021895568596774672,0.0005501498743089445,0.02076844305442088
1999-01,0.052937432653560094,0.02208919978832694,0.0002488898354596966,0.020603630914384427
1999-02,0.053164146060845734,0.02180457752103782,-0.0014806524569088014,0.02075078404053246
1999-03,0.05326533653491981,0.02190910498418427,-0.002102568175277982,0.020767280756569983
1999-04,0.05273856674605205,0.022001923569761928,-0.0034908221518926835,0.020965302966719158
1999-05,0.0524065613426825,0.02205413156879946,-0.0036763192724972513,0.020811941847350558
1999-06,0.05183726420249324,0.022123133255001495,-0.0035244023795604137,0.02083288913277961
1999-07,0.04968869767614382,0.02227354056012362,-0.004433405864625144,0.02096385082404913
1999-08,0.053306948933070995,0.022284214758919008,-0.002431282123902867,0.02021670518311255
1999-09,0.05159547018686573,0.022635606782247752,-0.0032908729038403084,0.019942506820998334
1999-10,0.05306518806539707,0.022513656961892614,-0.0016479434942457474,0.019349534588465188
1999-11,0.053072359092209156,0.02259687939579419,-0.0007358350034857644,0.019175125236881807
1999-12,0.05087110538193554,0.022580504482417937,-0.0025163088546744997,0.019401251387031505
2000-01,0.050727955602117354,0.022586230225963972,-0.0040588121419210185,0.01976501633593142
2000-02,0.04734090940327974,0.022876637095021142,-0.006355309434484861,0.02010776541222127
2000-03,0.041518434406906425,0.02424730582060765,-0.011173218352276332,0.021723185750043505
2000-04,0.0402296669051634,0.024559766681076588,-0.011552919740053541,0.021568547477485003
2000-05,0.041619028859006583,0.023701884315894275,-0.010673850284918393,0.02092758117406131
2000-06,0.04088221800406801,0.02334231880642309,-0.009543425400569489,0.02049603093739117
2000-07,0.04266122202251437,0.02319918544011316,-0.00840410666851863,0.020377853570295836
2000-08,0.043062062923030345,0.023247201213210264,-0.00849542173531767,0.02042543002618576
2000-09,0.04024915921641849,0.02318978478751924,-0.010928548303807205,0.02094543734773462
2000-10,0.040372585017136475,0.023461415730019235,-0.011252006652398124,0.020803307457437154
2000-11,0.036779844192807935,0.023567976285905165,-0.013985065320038736,0.021471398795645157
2000-12,0.03498723905922535,0.023669709832034203,-0.014906261636529645,0.02167362971878907
2001-01,0.035041544976722294,0.023238144492271927,-0.015743441893116453,0.022073334438377258
2001-02,0.032586878774866164,0.02351504984009807,-0.016009168875689685,0.02200378989348057
2001-03,0.032415960813508046,0.023746537035637255,-0.016061018515508424,0.021730922643145908
2001-04,0.033839500780061614,0.023654396575647087,-0.014228808413185266,0.021585303214513983
2001-05,0.035540930693553095,0.02368808258610975,-0.013838652862288255,0.02160385708071966
2001-06,0.03558116633731519,0.023705779703998276,-0.014067114060963004,0.02170257619330188
2001-07,0.0363662544822502,0.023659537874391692,-0.014805821750514904,0.021908661399848754
2001-08,0.03513471220495851,0.023648336698614103,-0.016033475084044974,0.021998735050232983
2001-09,0.03608189056264548,0.023451994755721732,-0.020828055145893896,0.023696557225714097
2001-10,0.03391346733421635,0.023405508262854625,-0.0182881599902237,0.02244444873141764
2001-11,0.03470888385488984,0.02352070478637093,-0.018406749329291417,0.022579778164313526
2001-12,0.032381538804079256,0.023667447667896357,-0.019174679174751505,0.022756359726773295
2002-01,0.03363276277073858,0.02362950541789247,-0.02132163128921203,0.02359234283295519
2002-02,0.033547010260139724,0.02367326070171138,-0.021044756442024373,0.02342517345964641
2002-03,0.033880325492405716,0.023768467539459732,-0.02111722638549024,0.0234735733236922
2002-04,0.03334960075046297,0.02356234893227389,-0.023260684447642933,0.024311596268085572
2002-05,0.03300503164013047,0.023742707995716966,-0.024955906266374984,0.024795810682573062
2002-06,0.026330677193370528,0.023972046743756675,-0.030642811624081306,0.026738523952119272
2002-07,0.02838883580053387,0.024093330793076413,-0.03275145124825716,0.027411806381536164
2002-08,0.027992272196668323,0.024252423962397622,-0.03257492810376854,0.027191040463296526
2002-09,0.02749828025787795,0.024509955572812686,-0.031965851735362885,0.026926618861506272
2002-10,0.019177822083242854,0.026283277001305533,-0.03573120621307825,0.029862814640819735
2002-11,0.034388129757915,0.022414941735921883,-0.03412657940845337,0.028593406949922243
2002-12,0.034289242616784676,0.021990437813165127,-0.03270109602498036,0.027955806934739962
2003-01,0.03421816814934325,0.022029591945624927,-0.03294103226330487,0.028501730616201208
2003-02,0.037038753407068796,0.021985243421426263,-0.025139871959117148,0.023619194418680302
2003-03,0.03773942617747211,0.02183778009291455,-0.022650901175392604,0.022716164954707203
2003-04,0.0391146030306766,0.02182268571751488,-0.023628659103145953,0.023894341936073628
2003-05,0.03825942419471441,0.022263754632903428,-0.023630119630820012,0.02392075836318528
2003-06,0.03849437715304496,0.02229181544383598,-0.023000887064702172,0.023626202632768357
2003-07,0.03559015671129148,0.02206440427529117,-0.02205877091242804,0.02330002415897559
2003-08,0.033720547548011605,0.02202037569152013,-0.022592730187792044,0.02352212451865511
2003-09,0.033781444212436555,0.022301209819128174,-0.017447587175015794,0.021724147616189207
2003-10,0.03406990625739448,0.022547083515428338,-0.015830031679358647,0.02126065825644722
2003-11,0.034769616825828964,0.022496176908514437,-0.015136745014621603,0.021119094496902812
2003-12,0.027566407569264064,0.022754545104682514,-0.01525683758388248,0.021146600957125443
2004-01,0.028488404929555556,0.022765449809886703,-0.014264409014927579,0.021038931833080483
2004-02,0.027583904970599295,0.022977997032206165,-0.01541730858413036,0.021290570779365584
2004-03,0.027686178691719812,0.023259468362920675,-0.014994522371551307,0.021081435704660794
2004-04,0.03320203126442018,0.023525419960107555,-0.015069975217101295,0.020866476273540376
2004-05,0.03655079431417315,0.024502730292746695,-0.01301208645131375,0.020083557976131296
2004-06,0.0358665301256348,0.02464532460926966,-0.01245548986847951,0.019941541050173425
2004-07,0.035945475362233394,0.02488981769967337,-0.01411112521711505,0.020092899456120274
2004-08,0.03651784577622266,0.025069150994539435,-0.01243904672513952,0.01963270697552819
2004-09,0.03970408157597108,0.025639528559229085,-0.015630939939884105,0.01941765688469092
2004-10,0.01898075776858752,0.029107616797828997,-0.02470038086585232,0.021759547930541488
2004-11,0.03300704256038794,0.025208474408263286,-0.02324961851056831,0.0205033637643041
2004-12,0.03327893950110741,0.025185151617433395,-0.023158319856100708,0.020284494101575515
2005-01,0.031956587921619255,0.025725884669989995,-0.02272684079331635,0.019928014524665458
2005-02,0.03871302087058734,0.025708685621456055,-0.01890641150864611,0.018101893994013806
2005-03,0.04255813943650484,0.026398421332159597,-0.022799219477557905,0.01948725355310706
2005-04,0.04387140862986065,0.026957901840400936,-0.021041806481675265,0.01857075436469195
2005-05,0.04404950795452503,0.027132445764701182,-0.018054892198062653,0.01751595730968889
2005-06,0.044096488424694505,0.027216257785298743,-0.017635702852675246,0.01737631946152106
2005-07,0.04490354018631658,0.02796828555033763,-0.016564396999518095,0.0169565509103824
2005-08,0.030696193409504982,0.024199238861057806,-0.014693048925453166,0.016583478233648693
2005-09,0.03066695521695835,0.025378627719729818,-0.01813053578807139,0.017221350954008684
2005-10,0.03302133967883424,0.025580264614837925,-0.016959591752004684,0.016331436333959816
2005-11,0.034222559146923716,0.026119991088093146,-0.015738837980591346,0.016229857922196538
2005-12,0.03194978790460424,0.025357733964631236,-0.014469703680651749,0.01661530100434666
2006-01,0.019193024653758793,0.026437203216076222,-0.015488612930194063,0.01596590320980608
2006-02,0.02115119171196672,0.02536444198622975,-0.028943088200661174,0.018250589939171828
2006-03,0.02048665621928238,0.02505922274810444,-0.02437474739486928,0.021129170713399807
2006-04,0.02033252841272565,0.024759183444826978,-0.02930744980617364,0.021776251253653046
2006-05,0.02502947730832837,0.024920416456579938,-0.030710417382338637,0.022674432739771416
2006-06,0.03081775573591336,0.02251949316917228,-0.03040711779657365,0.02216697150294433
2006-07,0.04694765004081275,0.01944149737548577,-0.020237587055686783,0.021351372493573006
2006-08,0.04896851799384298,0.01935848636100297,-0.020505296488267488,0.021016006811919088
2006-09,0.05072122374863747,0.019406748107825528,-0.018746774411691397,0.021262888985051256
2006-10,0.05071583167528257,0.019388956258097972,-0.018441147241730557,0.021073009790292294
2006-11,0.052777779895222685,0.01937120100550542,-0.017155907794822622,0.021603466856327077
2006-12,0.05267449507542664,0.019303385364205162,-0.01721637540060318,0.021929292478180193
2007-01,0.05112653150913017,0.020063605376576137,-0.01822805576237574,0.021702559355652642
2007-02,0.05174697009787177,0.02014926946820326,-0.017719590484776504,0.021592129977801928
2007-03,0.05004208566048572,0.01980487242470895,-0.012808797285198598,0.020730218313847366
2007-04,0.05215077899196431,0.01996286069086378,-0.007290657158575908,0.020167172780373457
2007-05,0.05401808280561017,0.020058316413313747,-0.008663109449353834,0.02014827440412791
2007-06,0.057754161444769025,0.020368382306585803,-0.00941205753807886,0.020376149465272428
2007-07,0.05622737053762383,0.020403995591143007,-0.012341096600868587,0.02106818372198159
2007-08,0.05275871195054811,0.019544832591883245,-0.012267040057753129,0.02106086588289052
2007-09,0.05320308840061737,0.019707461518767316,-0.011160679305350439,0.021168457037813036
2007-10,0.05852828799318134,0.020432953015740076,-0.010181718713180257,0.021861838742838896
2007-11,0.05382292663007676,0.0207931616541884,-0.006972465950824305,0.021845044102270034
2007-12,0.05863629436659608,0.02149186052658999,-0.005878833804595862,0.02208293406694727
2008-01,0.05691747912452773,0.018413318237551404,-0.009137126356044523,0.02155034363140489
2008-02,0.0620027837999092,0.018168036762355937,-0.0078714089325609,0.021528619257896547
2008-03,0.04555235084014625,0.022175496798119025,-0.011718384547076424,0.02258456901155568
2008-04,0.03913962457738564,0.024728929731414995,-0.013010108761186509,0.022822935446605602
2008-05,0.03905699657472636,0.02374764772232626,-0.012133189617743685,0.022627642467272426
2008-06,0.03999060570596278,0.022352179681621395,-0.011290806633667008,0.022429160542650293
2008-07,0.03786263547633227,0.021502266629169816,-0.004754226015963162,0.020706417476118424
2008-08,0.04478076678150952,0.023152223900087577,-0.010697056501920196,0.02181736906483329
2008-09,0.07958020730484389,0.031903845309420434,-0.0004581570535524271,0.019903156064098256
2008-10,0.08793377543233488,0.025585937947927517,-0.003153833018866757,0.020106052640742913
2008-11,0.08626685540937121,0.02646898078045596,0.0016925187578676962,0.02108709228457784
2008-12,0.0869829570296122,0.026658934414678443,0.0021554089491202105,0.02170829452777119
2009-01,0.08782284945825,0.026681641454005985,-0.002973918529883879,0.021062024983040398
2009-02,0.09344073038432324,0.02661392479218557,-0.0007293903637737645,0.02092715426619577
2009-03,0.09637901970277996,0.02816309932845661,-0.012395859855640588,0.02128743022611251
2009-04,0.09422111065244942,0.029170298992849144,-0.01072836743109526,0.021395700935749343
2009-05,0.08652277060173068,0.03239873128724167,-0.010378865035956142,0.021481237628168306
2009-06,0.0824089460080365,0.03383117855007872,-0.008346649241078988,0.02136511949993163
2009-07,0.08010117813777108,0.034743470160810044,-0.012121992216489255,0.021696738772086006
2009-08,0.07750462806866726,0.03493559751714864,-0.012887784304757732,0.021643073051405556
2009-09,0.07726563307867504,0.03493635645273322,-0.011691004274259592,0.02127556691004677
2009-10,0.07639267140981834,0.035304219546134157,-0.014093789602009563,0.02141694008496609
2009-11,0.07166442598331188,0.03630681984571227,-0.013829695136658327,0.021297507332983107
2009-12,0.07221765895631173,0.035491323679445394,-0.008252915697505914,0.02054089211732253
2010-01,0.07256804250593468,0.034895729302605226,-0.007911796032113574,0.020639608723221643
2010-02,0.06739610501177776,0.0372404813011804,-0.012674164211735374,0.021624078841681982
2010-03,0.06963049647422213,0.03706227456346297,-0.007567634226229275,0.021866137084211045
2010-04,0.08204733106277119,0.03448157097323974,-0.017834965378013018,0.024812519063669995
2010-05,0.08205787607431089,0.034301790917910475,-0.016284837470037374,0.025224562986787318
2010-06,0.08185847455772152,0.03453568149944113,-0.01867245208233293,0.02600528684133371
2010-07,0.07999000283362533,0.03421324050919296,-0.010793275047770529,0.025515835707362846
2010-08,0.07977930291683812,0.034200999358901446,-0.009721970810343872,0.02543064032062342
2010-09,0.0787741520852243,0.03454690015249666,-0.011446313138336675,0.02599588333745688
2010-10,0.07901166520432001,0.03433630819801886,-0.010753733431232801,0.026198374212281977
2010-11,0.07639442302264787,0.0351402005950901,-0.018630174824910195,0.027198861093016294
2010-12,0.0773294218946413,0.03504280672904756,-0.02301314983757028,0.025920100671480078
2011-01,0.07727113280749376,0.034973018065957644,-0.022373915573698777,0.0262489223793517
2011-02,0.07971156268924257,0.03496071858560867,-0.02666668977345324,0.027055382186964762
2011-03,0.07696766839905718,0.03533883241204844,-0.019677819381470785,0.027196987449404967
2011-04,0.07561402809731721,0.03522370803062852,-0.01920807844285094,0.027576282655064288
2011-05,0.07566938101953388,0.03394951928848477,-0.013098556028391061,0.028509677885526108
2011-06,0.07652925349637257,0.03326470495983427,-0.02278613304998623,0.029541648942847606
2011-07,0.07309788525566518,0.03150865937595194,0.01013727107982848,0.04084947584831057
2011-08,0.06984598127536341,0.03297392537885235,0.013671466901157336,0.040957384678072854
2011-09,0.07083598910490226,0.033415468004402364,0.020642364889729467,0.041206171294815935
2011-10,0.07043064252272854,0.03357777009218914,0.022505908432263674,0.041953340839325254
2011-11,0.07233953680016669,0.0337773464428886,0.019515265212272356,0.042714763250167334
2011-12,0.07252856548985902,0.03409896469334489,0.009866256365883633,0.042335726308356164
2012-01,0.0712049227062444,0.03380949770580734,0.010138566833162839,0.0433475327249121
2012-02,0.07205989045840991,0.033978061790922776,0.007921889580450162,0.04437153205045037
2012-03,0.07450595946382284,0.033735851608838886,0.0038301179050639657,0.044573702603179194
2012-04,0.07177602901790033,0.034268666219614254,0.005555109189639619,0.04538147049131587
2012-05,0.07433187811937624,0.03374173818227826,0.004080646009543457,0.04618136610391579
2012-06,0.07015760367548536,0.03447969550439916,0.009346928096741758,0.045731694355965885
2012-07,0.0637447054563764,0.03665414898539908,0.008989322754670237,0.04848489956365663
2012-08,0.06243231499317324,0.03607739720889213,0.009908550412847404,0.04836315096648526
2012-09,0.05899559745395026,0.03691505074840672,0.011027110485946283,0.04856918804624155
2012-10,0.060680670001879225,0.035492725255815726,0.013659904244018521,0.04824186873813703
2012-11,0.061645078129024714,0.035249933391001194,0.01134047733875556,0.047716710532232164
2012-12,0.06176744506185627,0.035466624958624474,0.005624976700944615,0.045680707440855804
2013-01,0.06026114733035846,0.03552007109171739,0.006528043254528097,0.04406542437527402
2013-02,0.05881950721312077,0.036152373381033345,0.0006179218171230572,0.044854161991599036
2013-03,0.06301402976681253,0.03575049673428336,0.0005458927080778039,0.044840616268396985
2013-04,0.06345825701295048,0.035406420254978796,0.0012729470068176332,0.04481331363265337
2013-05,0.06397243154626767,0.03527285039250947,0.0037789233531072275,0.043808738921674174
2013-06,0.05582809069333714,0.03717528242606395,0.0062830955845399605,0.0442203888736648
2013-07,0.06100392992923988,0.03613962752737358,0.002195364337672954,0.044041095957585576
2013-08,0.057885449195093815,0.03713530214488081,0.004697053200575493,0.0444095986290696
2013-09,0.05937074879618015,0.03663338175136256,0.004115913249747229,0.04434537017119535
2013-10,0.05818691996804078,0.03643462162118691,-0.0033681800107297453,0.042242828607977
2013-11,0.057775177148491605,0.036509357419093155,-0.003453439282513321,0.042352022939576225
2013-12,0.06028691547979169,0.03632544172347217,-0.004606288005465142,0.04248323138344401
2014-01,0.060530755291828116,0.03639754393690346,-0.0052326089287177725,0.042484687386606615
2014-02,0.05999937673650586,0.036513535634641964,-0.0048897105498058036,0.04256578131547554
2014-03,0.059902780665161005,0.0366427587104324,-0.004782258915001121,0.0426266092404899
2014-04,0.05948771300839113,0.03694928460794504,-0.0005542405577955295,0.0425837328894354
2014-05,0.05635028714453159,0.036921375417761235,0.003970937746172402,0.04315209129751894
2014-06,0.05723499909426624,0.03692843821088876,0.004713190892254054,0.043187825428722584
2014-07,0.05711402245565896,0.0369040273059179,0.007361063629000977,0.04350109970378441
2014-08,0.057683694372586164,0.036734717704002114,0.006981259331680735,0.04339392026451805
2014-09,0.06192378020310871,0.03674393593543926,0.0038341069559019517,0.04343642762671452
2014-10,0.06423703390629655,0.03820501140428219,0.0015573986744122428,0.04361638799766218
2014-11,0.06793907700413268,0.04004778386611205,-0.0019480759051767466,0.04398007801776033
2014-12,0.07118600530594713,0.03887466085052806,-0.004659757747534611,0.04394918145275868
2015-01,0.07191806642270922,0.03963265798175714,-0.007847593626765164,0.04422057927159302
2015-02,0.07442729461233144,0.03954430292255632,-0.007264245583672281,0.043996776691602964
2015-03,0.07973918666658164,0.04016667284949646,-0.004403385858160279,0.04411283380236294
2015-04,0.08039516604338583,0.04047153521810425,-0.004135914110169198,0.04417197067963544
2015-05,0.07856624269024111,0.04065627904643515,-0.004823355746706063,0.04430399207266368
2015-06,0.07823222264118163,0.04085126379599136,-0.005115623889498929,0.044476777948953945
2015-07,0.07754692559002842,0.0412518372906742,-0.005385835121901102,0.04437670905752927
2015-08,0.078715293411506,0.04085103484909676,-0.004318030872076687,0.044452653024845565
2015-09,0.08429371182163184,0.03977619069175297,-0.0032789108621015337,0.04437136982710682
2015-10,0.08776181580232931,0.0398962251442381,-0.002648697742953664,0.044452541527530545
2015-11,0.09229644141358459,0.03934447468847115,-0.0009325244568187674,0.044510263857149825
2015-12,0.09581098772094153,0.03908494936326121,0.0037495117922420208,0.0445025890867351
2016-01,0.09239293171149235,0.03957177570098804,0.005472349513495199,0.044292255135502
2016-02,0.09355851212412508,0.040125164005531073,0.008972098546057178,0.044353983398752385
