family,label,y,h,n,start,end,r2,nw_lags,b_ch_financial_z,t_ch_financial_z,p_ch_financial_z,b_ch_real_z,t_ch_real_z,p_ch_real_z,b_lrv_1,t_lrv_1,p_lrv_1,b_lrv_3,t_lrv_3,p_lrv_3,b_lrv_12,t_lrv_12,p_lrv_12,b_liv,t_liv,p_liv,b_vrp,t_vrp,p_vrp,b_cat_securities_z,t_cat_securities_z,p_cat_securities_z,b_cat_intermediation_z,t_cat_intermediation_z,p_cat_intermediation_z,b_cat_government_z,t_cat_government_z,p_cat_government_z,b_cat_war_z,t_cat_war_z,p_cat_war_z,b_cat_disaster_z,t_cat_disaster_z,p_cat_disaster_z,b_post,t_post,p_post,b_fin_x_post,t_fin_x_post,p_fin_x_post,b_real_x_post,t_real_x_post,p_real_x_post,b_ret,t_ret,p_ret,b_ret_neg,t_ret_neg,p_ret_neg,b_ret_3,t_ret_3,p_ret_3,b_nvix_z,t_nvix_z,p_nvix_z
quantity,1926-1985 (before VIX; text model never saw it),y_lrv_1,1,703,1927-06,1985-12,0.6068986828714633,6,0.04365652296668359,3.050294970370682,0.0022861671389059527,-0.02854445934418761,-2.7784989660220147,0.005461068709152258,0.4763592225832307,7.175811584334843,7.187949107579228e-13,0.04575376475235529,0.5248585840179911,0.5996815022438008,0.26888360363528196,4.423036691189007,9.73232054355621e-06,,,,,,,,,,,,,,,,,,,,,,,,,,,,,,,,,,,,,,,,,,
quantity,1926-1985 (before VIX; text model never saw it),y_lrv_3,3,703,1927-06,1985-12,0.5929070229981208,6,0.06658827908903316,3.3996929278359,0.0006746156869388926,-0.038828676194980635,-2.979593139613307,0.0028863146781241333,0.32259848583148953,5.522573496468981,3.3406998200448714e-08,0.041150467288108124,0.40180940944593935,0.687824296729842,0.3294209868395915,3.9093957115875213,9.252728965590646e-05,,,,,,,,,,,,,,,,,,,,,,,,,,,,,,,,,,,,,,,,,,
quantity,1926-1985 (before VIX; text model never saw it),y_lrv_6,6,703,1927-06,1985-12,0.60846954034,12,0.09883023360213959,4.512598122791478,6.403829193684331e-06,-0.04545886897090765,-2.762589465298758,0.005734484359470469,0.20758989921645257,5.226000721540204,1.7321568284080891e-07,0.11185884309149537,1.4144398354849663,0.15723280078736526,0.27831409142629676,3.2245383229089057,0.0012617596754591163,,,,,,,,,,,,,,,,,,,,,,,,,,,,,,,,,,,,,,,,,,
quantity,1926-1985 (before VIX; text model never saw it),y_lrv_12,12,703,1927-06,1985-12,0.6248613418139062,24,0.1410662441435376,6.3148073339730555,2.704982557855076e-10,-0.044231003635244716,-2.2248021697596743,0.026094521685101405,0.15686870016318097,4.07970226343766,4.509341943209016e-05,0.11580096446414077,1.7727180543806806,0.07627543789662228,0.19471028303778617,2.6166389818160667,0.008880020559175514,,,,,,,,,,,,,,,,,,,,,,,,,,,,,,,,,,,,,,,,,,
quantity,"1986-1995 + 2010-2016 (clean, adds implied vol)",y_lrv_1,1,193,1986-01,2016-02,0.37902138908894056,6,0.14275169579315364,3.5893282901636145,0.0003315311207283006,0.008385503529813215,0.23238517228810082,0.8162388645321966,-0.034897786370057915,-0.30250682636056264,0.7622657303973988,0.17619370928597047,1.2176206424764724,0.22336816633266976,0.04345810942152602,0.545458667735352,0.5854381001022557,0.41966588000230043,3.2016406733812186,0.0013664733593676912,,,,,,,,,,,,,,,,,,,,,,,,,,,,,,,,,,,,,,,
quantity,"1986-1995 + 2010-2016 (clean, adds implied vol)",y_lrv_3,3,191,1986-01,2015-12,0.35456430328937405,6,0.11842434647748577,2.155282980949416,0.031139696767040044,-0.06559300888672495,-1.4955005115171778,0.13478386651134291,0.05572956238991582,0.8665855402125662,0.3861691390606853,0.066892254276257,0.39698824144389994,0.6913761316371805,0.09082875132240656,0.8079012803379272,0.41914741420570434,0.30698724384235865,1.8216723792221807,0.06850471134951629,,,,,,,,,,,,,,,,,,,,,,,,,,,,,,,,,,,,,,,
quantity,"1986-1995 + 2010-2016 (clean, adds implied vol)",y_lrv_6,6,188,1986-01,2015-09,0.32697546565587476,12,0.08770103624857871,1.1734866056525222,0.2406007250999509,-0.10393188537683237,-1.858818332291579,0.06305289306069459,-0.004913212702820358,-0.06600690945245051,0.9473723245061035,0.051137591108007224,0.3227599972009326,0.746877010488529,0.08396498626996572,0.4739512964374997,0.6355346382845193,0.38050802076393087,1.6693373011501522,0.09505055176769397,,,,,,,,,,,,,,,,,,,,,,,,,,,,,,,,,,,,,,,
quantity,"1986-1995 + 2010-2016 (clean, adds implied vol)",y_lrv_12,12,182,1986-01,2015-03,0.27134595282238694,24,0.05362578134792057,0.632399607967502,0.5271257900547546,-0.0900208120286643,-1.828054808632172,0.06754132635050654,-0.05577064469724956,-0.998715483840979,0.3179325377213966,0.09614118712697395,0.6718252901418481,0.5016949265268641,0.018404833711622562,0.0795132309724785,0.9366244081394122,0.42636662973819617,1.8538553810112057,0.0637598528250752,,,,,,,,,,,,,,,,,,,,,,,,,,,,,,,,,,,,,,,
quantity,1996-2009 (text model trained here),y_lrv_1,1,168,1996-01,2009-12,0.6816303249561058,6,0.12181264078521822,2.6465385010837372,0.008132024755888539,-0.20782226328551756,-2.8737400890369695,0.004056426333880366,0.07986775023512616,0.9280141542623255,0.35340022751194455,0.027245355616836275,0.24482401015287136,0.8065927021487567,-0.000981523425334807,-0.012098920095318823,0.9903466939688439,0.802558154685614,7.442015873794094,9.916030365656692e-14,,,,,,,,,,,,,,,,,,,,,,,,,,,,,,,,,,,,,,,
quantity,1996-2009 (text model trained here),y_lrv_3,3,168,1996-01,2009-12,0.614636732828195,6,0.1316093746174501,2.6686633210530815,0.007615374410440094,-0.2415851293386853,-2.7208400480464947,0.0065116260795847515,0.01894521078731448,0.21867944954377574,0.826899758435713,0.025471761861908082,0.17863408821282867,0.8582250264580972,0.05950317335811833,0.4822460971772473,0.6296311337970142,0.6903980286010839,6.048169166711558,1.4650108637232336e-09,,,,,,,,,,,,,,,,,,,,,,,,,,,,,,,,,,,,,,,
quantity,1996-2009 (text model trained here),y_lrv_6,6,168,1996-01,2009-12,0.5575996162445449,12,0.1711602785779736,3.157032676429046,0.0015938348466199345,-0.2862036332091514,-2.8542123613633854,0.00431436809744606,-0.16570775387076697,-1.6087491358791648,0.10767120694239653,0.14443383058234877,0.8077383392545953,0.4192412279063755,0.02758459794531784,0.1649651163700293,0.8689714389337921,0.6613458520567673,4.803324434382432,1.5605272235151575e-06,,,,,,,,,,,,,,,,,,,,,,,,,,,,,,,,,,,,,,,
quantity,1996-2009 (text model trained here),y_lrv_12,12,168,1996-01,2009-12,0.5148022690425715,24,0.21443848048312317,2.917017800513317,0.003533956040242513,-0.3492716840570429,-2.4906595890593892,0.01275062186360288,-0.2701158096144274,-1.9722790755116453,0.048577756948729324,0.15623938943224236,0.9444458472045717,0.34494186230054524,-0.03507194503196211,-0.2169673093927772,0.828233821414623,0.6797142739392275,4.640313990123567,3.478801892692223e-06,,,,,,,,,,,,,,,,,,,,,,,,,,,,,,,,,,,,,,,
implied,1986-1995 (text model hold-out),y_dliv_1,1,119,1986-01,1995-12,0.09119578081441204,6,0.03015345453346757,1.6325166770075956,0.10257068818882853,-0.0097965719545373,-0.6982924293416939,0.4849943328190539,,,,,,,,,,-0.20249252404469095,-5.656510521017001,1.5448151331642286e-08,,,,,,,,,,,,,,,,,,,,,,,,,,,,,,,,,,,,,,,
implied_har,1986-1995 (text model hold-out),y_dliv_1,1,119,1986-01,1995-12,0.1054841217378355,6,0.034165921060726856,1.6314638060179134,0.10279249097527071,-0.007536205159782577,-0.49471611843323876,0.6208005221440382,-0.023328126798219984,-0.3390654952755743,0.7345603911526899,0.02301101349472144,0.21962689536338176,0.8261617433187363,0.08436363791060071,1.6143063006665743,0.10646100413277118,-0.2781360101666269,-2.1200197259369924,0.03400438179811056,,,,,,,,,,,,,,,,,,,,,,,,,,,,,,,,,,,,,,,
implied,2010-2016 (post-sample),y_dliv_1,1,74,2010-01,2016-02,0.2784732091338866,6,0.1897478959804772,3.133505625792239,0.001727316073062073,0.010739103715240565,0.16544010775649207,0.868597587173195,,,,,,,,,,-0.6050827300245796,-5.1658837852729365,2.393054526075244e-07,,,,,,,,,,,,,,,,,,,,,,,,,,,,,,,,,,,,,,,
implied_har,2010-2016 (post-sample),y_dliv_1,1,74,2010-01,2016-02,0.3045773406780927,6,0.17135195407089737,2.176423200191043,0.029523630573854556,0.01205208634989078,0.16921376478266723,0.8656285031855822,0.017792470292688288,0.11554237113537402,0.9080152380331961,0.19424023840960147,1.5533390364628843,0.12034215895609078,-0.007383148286651058,-0.08018001164966536,0.9360940873643061,-0.763964897877011,-5.799010398677296,6.670739639864779e-09,,,,,,,,,,,,,,,,,,,,,,,,,,,,,,,,,,,,,,,
implied,1986-1995 + 2010-2016 pooled (clean),y_dliv_1,1,193,1986-01,2016-02,0.13299023310031755,6,0.043088198115390254,1.956849069800671,0.05036521593838383,0.008247301141177403,0.4399483551142499,0.6599745125754196,,,,,,,,,,-0.2908871537314276,-5.185350041844454,2.156095148467096e-07,,,,,,,,,,,,,,,,,,,,,,,,,,,,,,,,,,,,,,,
implied_har,1986-1995 + 2010-2016 pooled (clean),y_dliv_1,1,193,1986-01,2016-02,0.14030825591402318,6,0.034042047340398944,1.5704806684529888,0.11630332832612873,0.012983242809975766,0.647066327793591,0.5175890168745336,-0.018192161225268025,-0.24546776454285246,0.8060942649258813,0.052541870641181036,0.6383954415950452,0.5232162975180806,0.046200343642709224,1.1022844249607247,0.2703380383791565,-0.34546282536340017,-3.7965248066461346,0.00014673868509935202,,,,,,,,,,,,,,,,,,,,,,,,,,,,,,,,,,,,,,,
implied,1996-2009 (text model trained here),y_dliv_1,1,168,1996-01,2009-12,0.06539374550008137,6,0.015767910112758278,0.6412895440046303,0.5213345812896233,0.0343818032370046,0.8565436621551173,0.3916971327110851,,,,,,,,,,-0.14977679156246299,-3.5472132436909303,0.0003893293252581369,,,,,,,,,,,,,,,,,,,,,,,,,,,,,,,,,,,,,,,
implied_har,1996-2009 (text model trained here),y_dliv_1,1,168,1996-01,2009-12,0.07683906682890485,6,0.025420250772067072,0.8922389752805722,0.37226485558322175,0.014247772330108429,0.3020118451674805,0.7626430331992972,-0.08765899843160707,-1.4062187402722925,0.15965918099474674,0.009786181040599924,0.12363228303902407,0.9016064304030811,0.03701726001416674,0.6919553797628312,0.48896535070108027,-0.09954846635038644,-1.4055093105637608,0.15986988266726776,,,,,,,,,,,,,,,,,,,,,,,,,,,,,,,,,,,,,,,
price,1986-1995 + 2010-2016 pooled (clean),y_vrp_1,1,193,1986-01,2016-02,0.1599159336512812,6,-68.23575397794957,-2.526576046452915,0.011518044921418858,-26.75719415755247,-1.1086972073206138,0.26756082707034157,,,,,,,,,,423.00847308575436,5.880867147510295,4.081226504206556e-09,-0.2742478028441501,-3.1055552483054902,0.001899221373759147,,,,,,,,,,,,,,,,,,,,,,,,,,,,,,,,,,,,
price,1996-2009 (text model trained here),y_vrp_1,1,168,1996-01,2009-12,0.28841100777938145,6,-206.73908571024558,-2.06465908448399,0.03895526851405444,141.0666502283708,1.918676741426998,0.05502525679036904,,,,,,,,,,240.96112362006244,2.26104543306533,0.023756443822094006,0.23046667777427193,2.5982508316622184,0.009370002038163265,,,,,,,,,,,,,,,,,,,,,,,,,,,,,,,,,,,,
categories,1926-1985,y_lrv_1,1,703,1927-06,1985-12,0.6113472699073284,6,,,,,,,0.47160569001106983,7.041937361844017,1.89585058442681e-12,0.048611472765934506,0.5730479405978366,0.5666122344796665,0.25591614884488495,4.259376555517602,2.0499787381418893e-05,,,,,,,0.023424126115062026,1.6041822416789793,0.10867388791400472,0.0231081926403332,1.1046240683451618,0.26932251758590686,-0.05034570301622973,-3.3740904360026494,0.0007406003235530818,-0.009412463211147335,-1.133486642609984,0.2570099474035912,0.005456545306812369,0.5442508959072548,0.5862688324966698,,,,,,,,,,,,,,,,,,,,,
categories,1926-1985,y_lrv_3,3,703,1927-06,1985-12,0.6040267167918377,6,,,,,,,0.3184151938782925,5.535511493068209,3.1032138319832435e-08,0.04151402747012671,0.4204346272381086,0.6741679764708969,0.30137876494196403,3.6768152962201732,0.0002361639087019681,,,,,,,0.03219858784491993,1.7378938465429419,0.08222952015556093,0.05318323874656749,2.2154654181677507,0.026728135448225266,-0.06850607668356748,-4.062627684639721,4.852339014091687e-05,-0.013380413642784465,-1.272187544803494,0.20330649192065198,0.012700886141044535,1.3266765061761212,0.18461571583661718,,,,,,,,,,,,,,,,,,,,,
categories,1926-1985,y_lrv_12,12,703,1927-06,1985-12,0.6365872639489767,24,,,,,,,0.14914037345742523,4.148121384891799,3.352146609820739e-05,0.12147047658727696,1.8681138881651242,0.0617461981241975,0.1738068747870475,2.4103866107429304,0.015935623942942356,,,,,,,0.09998977190260763,5.423047583890994,5.8591387131627e-08,0.0699727478880254,2.1404169312788173,0.03232108742617903,-0.07082940278361326,-3.802750176549747,0.00014309864042861447,-0.01665442115547631,-1.0465316594356544,0.2953156357891895,-0.0025324606146786832,-0.2991967493431288,0.7647899294114636,,,,,,,,,,,,,,,,,,,,,
break,"1926-1985 vs 2010-2016, realised vol",y_lrv_1,1,777,1927-06,2016-02,0.5855308790417819,6,0.04726224296147741,3.2334516269865814,0.0012230404655555992,-0.029454225582212896,-2.858526328913981,0.004256137870360798,0.4452781478854579,6.5909030177950125,4.37159394173005e-11,0.07396762919310228,0.8763716947513835,0.3808280008316043,0.2553998851657404,4.466354266621555,7.956381680500585e-06,,,,,,,,,,,,,,,,,,,,,,0.025007014508735735,0.23864627095619945,0.8113798825232135,-0.006801954647908784,-0.11351830091776477,0.9096196548287225,0.06335835627502856,0.5148155540033122,0.606681915292647,,,,,,,,,,,,
break,"1986-1995 vs 2010-2016, implied vol",y_dliv_1,1,193,1986-01,2016-02,0.14931203109353686,6,0.06264360032624741,2.7199294267445695,0.006529585044432714,-0.0056625200286964175,-0.3989401998543056,0.6899372676061861,,,,,,,,,,-0.32461768063310475,-5.798902997691963,6.675012738260637e-09,,,,,,,,,,,,,,,,,,,-0.08764912279665253,-1.9898431130680716,0.046608220518461106,0.034458573445195616,0.705426105920424,0.48054510255690175,-0.01685359681809823,-0.304068557400183,0.7610756609198637,,,,,,,,,,,,
robust,"1926-1985, + past returns (leverage effect)",y_lrv_1,1,703,1927-06,1985-12,0.6343570302434851,6,0.039920480644531874,2.973673486911356,0.0029425801041696484,-0.027250901076137316,-2.716748097236255,0.006592676351903711,0.3367767412851169,5.055017331875875,4.303516848108701e-07,0.14981442897366276,1.774222291216786,0.07602638841810509,0.24115087177418265,3.9844847959948555,6.762668656568765e-05,,,,,,,,,,,,,,,,,,,,,,,,,,,,,,,-0.0036843295630786897,-0.790843443126804,0.42903535529453996,-0.029353520736797985,-4.0662973043896535,4.776599259526689e-05,0.004868315257595045,3.1569008756879913,0.001594555411575536,,,
robust,"1926-1985, + past returns, 12m",y_lrv_12,12,703,1927-06,1985-12,0.6295787653874003,24,0.13947654829543268,6.228719786162537,4.702620241659027e-10,-0.04429264485123363,-2.241937568418231,0.024965407554279524,0.11124579998331274,2.5102202944168663,0.012065586521873626,0.1392124876580614,2.209096724095307,0.02716791394119431,0.18252169202500448,2.3527529718424742,0.018635009322749394,,,,,,,,,,,,,,,,,,,,,,,,,,,,,,,0.00422657013162697,1.570099108759569,0.11639205590800794,-0.016103061408213992,-2.6127736092570304,0.008981077196412867,0.001339030003413451,0.7800134484019265,0.43538295934832494,,,
robust,1946-1985 (drops Depression and war),y_lrv_1,1,480,1946-01,1985-12,0.41358259972694145,6,0.04567477395751975,1.3503457206668896,0.17690511308998602,-0.08692088524999211,-3.7390311084414134,0.00018473086856021757,0.4305222694571791,5.773610884049992,7.759050462683985e-09,0.12061072355232644,1.2875389004392768,0.19790651994802655,0.18219328144878497,2.100164992242969,0.03571432973551495,,,,,,,,,,,,,,,,,,,,,,,,,,,,,,,,,,,,,,,,,,
robust,"1946-1985 (drops Depression and war), 12m",y_lrv_12,12,480,1946-01,1985-12,0.24405271130176664,24,-0.009221865426392278,-0.2348837899687069,0.8142989313753746,-0.09350424493154502,-2.7103418699819297,0.006721388968939593,0.1707439963985548,3.896445435881851,9.761478663163813e-05,0.1366794556371229,2.45231898858021,0.014193877226557001,0.04736318642339976,0.5718406865727884,0.5674299103563132,,,,,,,,,,,,,,,,,,,,,,,,,,,,,,,,,,,,,,,,,,
robust,"1926-1985, + total NVIX",y_lrv_1,1,703,1927-06,1985-12,0.6079599409179457,6,0.06784103582341748,2.8709637852239274,0.004092224043308618,-0.01879515664393411,-1.5443274886321825,0.1225090165189193,0.4712875640600113,6.957226693408389,3.4703630491939455e-12,0.04664050353873905,0.5381180193602906,0.590495572992767,0.27849027855831815,4.525172095247568,6.034637936687031e-06,,,,,,,,,,,,,,,,,,,,,,,,,,,,,,,,,,,,,,,,-0.03924326611004518,-1.262502858483007,0.20676789836867138
robust,"clean IV windows, + implied vol + past returns",y_lrv_1,1,193,1986-01,2016-02,0.3811305141236927,6,0.1403634048939285,3.1164482102427717,0.0018304382900297467,0.01053959081453707,0.2865409281376563,0.7744638508295634,-0.04874149278364462,-0.38162000133466484,0.7027432461836063,0.23497922330516516,1.2593410513149492,0.2079071716170222,0.026549598999117924,0.3027230640218777,0.7621009194852562,0.4111778734537539,2.579281101861007,0.009900618432200945,,,,,,,,,,,,,,,,,,,,,,,,,,,,-0.007568799438802974,-0.7310503979279313,0.46474837002351477,0.006502470807797158,0.29985471469515906,0.7642879781268832,0.002829376700552149,0.5211926514360422,0.6022325728109967,,,
robust,"1926-1985, Newey-West 24 lags",y_lrv_1,1,703,1927-06,1985-12,0.6068986828714633,24,0.04365652296668359,3.25533460531724,0.0011325884288721126,-0.02854445934418761,-2.3987739344062624,0.01645006703515319,0.4763592225832307,6.724202380977169,1.7655689555152817e-11,0.04575376475235529,0.5854132499623029,0.5582698816309135,0.26888360363528196,5.0259056496133985,5.01062206348413e-07,,,,,,,,,,,,,,,,,,,,,,,,,,,,,,,,,,,,,,,,,,
robust,"clean IV windows, Newey-West 24 lags",y_lrv_1,1,193,1986-01,2016-02,0.37902138908894056,24,0.14275169579315364,4.174927810551965,2.980805614197132e-05,0.008385503529813215,0.24058521789946113,0.8098766081264349,-0.034897786370057915,-0.3436285578854923,0.7311256450516526,0.17619370928597047,1.2060212436206488,0.2278092994425578,0.04345810942152602,0.7502747684203215,0.45308923569296566,0.41966588000230043,3.0092272374521496,0.0026191313994160972,,,,,,,,,,,,,,,,,,,,,,,,,,,,,,,,,,,,,,,
